metric,mean_alt,mean_null,diff_mean,diff_ci_low,diff_ci_high,p_two_sided,cohens_d,n_alt,n_null,layer
pc1,0.3197140371799469,0.2655078712105751,0.05420616596937178,0.053861974239349394,0.054539967812597734,0.0,43.214632247646655,100,100,0
pc1,0.3619324719905853,0.2570261740684509,0.1049062979221344,0.10452768715471027,0.1052910852879286,0.0,74.19157120940486,100,100,1
pc1,0.3723167210817337,0.25933841794729234,0.11297830313444135,0.11235906676948074,0.11357637510448694,0.0,50.626737639683284,100,100,2
pc1,0.34826264411211016,0.25618893921375274,0.09207370489835742,0.09151518548280002,0.09270374955981969,0.0,41.329958276407496,100,100,3
pc1,0.32611423343420026,0.2666729989647865,0.05944123446941374,0.05883626159280537,0.06003743869066239,0.0,27.70662130636828,100,100,4
pc1,0.31907870769500735,0.2661013647913933,0.052977342903614055,0.052197311647236316,0.05381591445952653,0.0,18.31694216584476,100,100,5
pc1,0.31746997267007826,0.2686848723888397,0.04878510028123856,0.04798794305324555,0.04962984237819907,0.0,16.331090962205803,100,100,6
pc1,0.2998186331987381,0.2663801571726799,0.033438476026058206,0.03247142131626606,0.03441484175622462,0.0,9.41251968140207,100,100,7
pc1,0.2756026995182037,0.2712523365020752,0.004350363016128511,0.003280121453106399,0.005368171863257898,0.0,1.1328946598163427,100,100,8
pc1,0.2751877999305725,0.28763145238161086,-0.012443652451038345,-0.014235650517046467,-0.010756343767046882,0.0,-1.9755542194035138,100,100,9
pc1,0.2773598322272301,0.3421801367402077,-0.0648203045129776,-0.06792466584593056,-0.06194034152477977,0.0,-5.554412598125907,100,100,10
pc1,0.3250111922621727,0.4271365875005722,-0.10212539523839953,-0.10907735489308831,-0.09554004171490668,0.0,-4.22105617252397,100,100,11
pc2,0.18713012516498564,0.21650251522660255,-0.029372390061616904,-0.029644375421106837,-0.029123230725526795,0.0,-33.43824539592907,100,100,0
pc2,0.18310501098632812,0.2212355089187622,-0.03813049793243409,-0.03845501881465318,-0.03778768099844458,0.0,-32.087899107704956,100,100,1
pc2,0.1885685533285141,0.2235821683704853,-0.0350136150419712,-0.035409522488713284,-0.034625933825969686,0.0,-24.134710430831174,100,100,2
pc2,0.2003610260784626,0.2154197897017002,-0.015058763623237603,-0.015573735386133186,-0.014554408915340898,0.0,-7.969119096986551,100,100,3
pc2,0.20475905820727347,0.21861900970339776,-0.01385995149612429,-0.014583108413964508,-0.01316277707368136,0.0,-5.626896572221407,100,100,4
pc2,0.20964151725172997,0.22562264159321785,-0.01598112434148788,-0.01670420874282718,-0.015136690665036426,0.0,-5.472521759865278,100,100,5
pc2,0.21021553233265877,0.22367195382714272,-0.01345642149448395,-0.014299544379115105,-0.012535357721149923,0.0,-4.268372653499979,100,100,6
pc2,0.2180119825899601,0.20761897593736647,0.010393006652593628,0.009503199569880928,0.011264286443591117,0.0,3.1882463405785373,100,100,7
pc2,0.22558092698454857,0.2014017690718174,0.024179157912731175,0.0230985607765615,0.025337850157171493,0.0,5.958328424542256,100,100,8
pc2,0.22344328984618186,0.18998098134994507,0.0334623084962368,0.032045014057308426,0.034819143068045386,0.0,6.539036370171363,100,100,9
pc2,0.20969362318515777,0.16470312342047688,0.04499049976468089,0.04353093332797292,0.04636590132862333,0.0,8.742574445549565,100,100,10
pc2,0.17821898758411409,0.13794704049825668,0.04027194708585741,0.038808298345655245,0.04166106409579516,0.0,7.6023678447498675,100,100,11
pc3,0.14084607169032093,0.19023441389203072,-0.04938834220170979,-0.04957128072902563,-0.04919694972038269,0.0,-72.77534741039184,100,100,0
pc3,0.13017882093787192,0.1905415551364422,-0.06036273419857027,-0.06063451446592808,-0.060076022945344476,0.0,-56.440516793132794,100,100,1
pc3,0.12738535374402998,0.18301549687981605,-0.05563014313578607,-0.055875662371516234,-0.05538739107921723,0.0,-60.023750812275566,100,100,2
pc3,0.12650934927165505,0.17876822054386138,-0.052258871272206325,-0.05260922405309979,-0.05192477322369816,0.0,-44.57076948127196,100,100,3
pc3,0.12891585081815715,0.16665763691067695,-0.0377417860925198,-0.03815995739027858,-0.03729793487861753,0.0,-24.044356842040052,100,100,4
pc3,0.12756209455430506,0.16308655858039853,-0.035524464026093466,-0.03607438493706289,-0.035031226485967654,0.0,-18.69929323545512,100,100,5
pc3,0.12677790664136407,0.16555964112281799,-0.03878173448145392,-0.03947494940273468,-0.0380558615047485,0.0,-15.277603562649427,100,100,6
pc3,0.13099839121103282,0.17135505348443986,-0.040356662273407035,-0.040997528415173325,-0.039700409762561346,0.0,-17.465161413919116,100,100,7
pc3,0.12671949781477448,0.17182530522346495,-0.04510580740869047,-0.04575442353449766,-0.04443757977709174,0.0,-18.806137800155604,100,100,8
pc3,0.12399837382137772,0.1622826217114925,-0.03828424789011477,-0.0388506624698639,-0.03775003805197776,0.0,-18.494971534972503,100,100,9
pc3,0.1211696598678827,0.15001649782061574,-0.028846837952733045,-0.02961674266122282,-0.028028201445937193,0.0,-9.96160247967259,100,100,10
pc3,0.11197520531713959,0.12190763197839256,-0.009932426661252977,-0.011409723371267316,-0.008391759851947423,0.0,-1.8825962978666697,100,100,11
pc4,0.11909971714019772,0.11981314182281491,-0.0007134246826171892,-0.0008685797303915075,-0.0005739390123635564,0.0,-1.2711600036502664,100,100,0
pc4,0.11871759392321106,0.12190818682312962,-0.0031905928999185623,-0.0033307119589299017,-0.003056342897936703,0.0,-6.422683916755562,100,100,1
pc4,0.1121747431159019,0.11376474641263482,-0.0015900032967329086,-0.0017654260564595424,-0.0014006235226988733,0.0,-2.282453739917097,100,100,2
pc4,0.1123964916169643,0.11568988300859924,-0.0032933913916349394,-0.0035810609012842274,-0.003008127136155958,0.0,-3.3148401780437977,100,100,3
pc4,0.11635189257562156,0.1116028708964586,0.004749021679162968,0.004406302969902751,0.005083651829510924,0.0,3.7777896605552734,100,100,4
pc4,0.11326569028198716,0.10964590616524215,0.0036197841167450034,0.0032314885389059765,0.00398451182618737,0.0,2.5206504771962317,100,100,5
pc4,0.11062278836965557,0.10654069110751148,0.004082097262144091,0.003581677943468097,0.004560472233220937,0.0,2.33030199524935,100,100,6
pc4,0.10784584455192085,0.11079769231379029,-0.002951847761869436,-0.0035132702831178926,-0.0023545593917369727,0.0,-1.3985042618721932,100,100,7
pc4,0.1085993660241365,0.10621414758265015,0.002385218441486356,0.0017058944348245769,0.0030300331618636754,0.0,0.9490838342878505,100,100,8
pc4,0.10254328630864616,0.09811800502240654,0.0044252812862396185,0.0035907246619462934,0.005180596845224503,0.0,1.577341324490256,100,100,9
pc4,0.09480904102325435,0.09309897579252717,0.001710065230727184,0.0010108353793621173,0.002456062274053706,0.0,0.6419762505878207,100,100,10
pc4,0.08152600251138206,0.07453861676156517,0.006987385749816888,0.005754801671952019,0.008229484837502245,0.0,1.5483097124257383,100,100,11
pc5,0.08189251691102978,0.08988111145794388,-0.007988594546914099,-0.008073446681723022,-0.007903993748128437,0.0,-25.47481710233247,100,100,0
pc5,0.07279577091336246,0.08945758275687692,-0.01666181184351445,-0.01677909502387046,-0.016547717485576884,0.0,-39.37033242794593,100,100,1
pc5,0.06420683860778804,0.08986336931586263,-0.025656530708074582,-0.02580946493148805,-0.025504642998799683,0.0,-47.4644243430119,100,100,2
pc5,0.06383941188454623,0.09080792777240272,-0.026968515887856495,-0.027174655126407744,-0.026785609725862743,0.0,-37.41359958644184,100,100,3
pc5,0.06344180151820178,0.08518373511731621,-0.02174193359911443,-0.02198125140834599,-0.021490596561692672,0.0,-23.85963188810834,100,100,4
pc5,0.06332075938582417,0.0862702981382608,-0.022949538752436632,-0.02323594959639013,-0.02270792788267136,0.0,-23.249936787507597,100,100,5
pc5,0.06353336833417413,0.08587782107293598,-0.022344452738761858,-0.022577999252825984,-0.0220963591458276,0.0,-25.380081422357776,100,100,6
pc5,0.06348615817725654,0.08387533567845817,-0.02038917750120163,-0.02067035312205553,-0.020096995752304798,0.0,-18.901483104087134,100,100,7
pc5,0.06371484961360689,0.08492328383028504,-0.021208434216678146,-0.021557483631186192,-0.020846881208010017,0.0,-16.424226103634698,100,100,8
pc5,0.06154947116971011,0.08645440563559528,-0.024904934465885174,-0.025303752757608912,-0.024511386305093776,0.0,-18.212903612258895,100,100,9
pc5,0.06566148880869145,0.07540199391543861,-0.009740505106747163,-0.010391083623282615,-0.009114366644993425,0.0,-4.182403190557339,100,100,10
pc5,0.06134113807231183,0.06652616538107392,-0.005185027308762094,-0.0061253354046493826,-0.00425205240398647,0.0,-1.575902544491778,100,100,11
pc6,0.06793647967278954,0.059880270734429315,0.008056208938360225,0.007972807552665466,0.008140489987097686,0.0,26.766863194454107,100,100,0
pc6,0.057209515310823876,0.05879367057234045,-0.001584155261516576,-0.0016643946357071465,-0.0015033030025661033,0.0,-5.255214708814058,100,100,1
pc6,0.051146235764026604,0.061714228540658896,-0.010567992776632291,-0.010695239678956567,-0.010420129216276103,0.0,-21.526025472469673,100,100,2
pc6,0.05146536197513338,0.06611292004585262,-0.014647558070719241,-0.014807787014171491,-0.014484066795557736,0.0,-23.994557127775543,100,100,3
pc6,0.05236543875187631,0.06523503683507438,-0.01286959808319807,-0.01302588276658209,-0.012727003971114764,0.0,-24.340239178232398,100,100,4
pc6,0.05176989343017336,0.06309773042798039,-0.011327836997807032,-0.011508149418048551,-0.011150006782263517,0.0,-17.118605176955054,100,100,5
pc6,0.0493149726837873,0.06016445487737651,-0.010849482193589208,-0.011022258535958814,-0.010666179847903532,0.0,-16.062086721824528,100,100,6
pc6,0.04897374138236042,0.05938118159770962,-0.0104074402153492,-0.01061048585735263,-0.010195075844414541,0.0,-13.106200443294012,100,100,7
pc6,0.054923828095197635,0.05628657527267929,-0.0013627471774816519,-0.0016486964775249285,-0.0010767879923805665,0.0,-1.3007068688556738,100,100,8
pc6,0.05545233540236945,0.054972297996282525,0.00048003740608692363,5.070207081735948e-05,0.0008961637327447337,0.028,0.31432142652723566,100,100,9
pc6,0.051933126077055886,0.04907732423394915,0.0028558018431067353,0.0022064867718145135,0.003506620655767604,0.0,1.213502201639766,100,100,10
pc6,0.04438283748924729,0.04170926932245488,0.0026735681667924074,0.0018781124604865906,0.0034999085273593805,0.0,0.9129001560910391,100,100,11
pc7,0.040556193403899626,0.030274981725960916,0.01028121167793871,0.010235095892101535,0.010326230587437755,0.0,63.69690625612783,100,100,0
pc7,0.036199424825608686,0.03182000819593664,0.004379416629672048,0.004299098580144339,0.004459240442141889,0.0,14.928201214593672,100,100,1
pc7,0.033567125052213626,0.031548103168606706,0.0020190218836069196,0.0019296661969274392,0.0021088014589622723,0.0,6.209979180748646,100,100,2
pc7,0.033265143930911976,0.031063296105712603,0.002201847825199374,0.0020888051064685102,0.0023116695904173115,0.0,5.39863087649713,100,100,3
pc7,0.0343997004628181,0.031691588759422254,0.0027081117033958477,0.0025659069451503527,0.0028336454671807646,0.0,5.370750056430792,100,100,4
pc7,0.03779759675264354,0.027700535040348716,0.010097061712294825,0.009920528994407504,0.01028233190299944,0.0,15.376018196058327,100,100,5
pc7,0.0393102995678782,0.025118428505957083,0.01419187106192112,0.013974735548254106,0.014390425392426538,0.0,19.176156856674012,100,100,6
pc7,0.038847142867743926,0.02592059837654229,0.012926544491201637,0.012726891512051225,0.013120214442256837,0.0,18.260148156839758,100,100,7
pc7,0.03971220754086967,0.02501098202541466,0.014701225515455007,0.01450222859624773,0.014868679493665691,0.0,22.194499767426244,100,100,8
pc7,0.03918887909501786,0.025591556634753893,0.013597322460263964,0.013383699571248145,0.013826272496953607,0.0,16.553151979085733,100,100,9
pc7,0.0381673530861735,0.02248874939978118,0.01567860368639232,0.015401247404981416,0.015955588150303825,0.0,15.746859226802407,100,100,10
pc7,0.03822158945724364,0.029028276093304113,0.009193313363939526,0.008220158737618475,0.010197303240187458,0.0,2.6829954882470837,100,100,11
pc8,0.03399140957742925,0.019369532261043737,0.014621877316385513,0.014595280700828885,0.014650026827119285,0.0,143.79266364361894,100,100,0
pc8,0.030367208365350916,0.019046214297413776,0.01132099406793714,0.011287609654478736,0.011353194124996665,0.0,94.80724200174734,100,100,1
pc8,0.031226929966360287,0.01859819263219829,0.012628737334161998,0.012583804999478162,0.01266950321244075,0.0,81.45038773231066,100,100,2
pc8,0.031153953261673407,0.01833175078034396,0.012822202481329446,0.012761720250826338,0.012882030109874907,0.0,58.4378054921579,100,100,3
pc8,0.03242784671485419,0.017382092475891064,0.015045754238963129,0.01495286561362446,0.01514428653428331,0.0,42.666550819321536,100,100,4
pc8,0.02998572394251819,0.01688560424372549,0.013100119698792701,0.013010660025291141,0.013187886827625341,0.0,38.62077047694717,100,100,5
pc8,0.029008539319038348,0.01563717634417112,0.013371362974867226,0.013265132729196917,0.013475619046250354,0.0,34.035536434278576,100,100,6
pc8,0.027369311023503488,0.015122919958084777,0.012246391065418711,0.012107949555385855,0.012369309688452622,0.0,26.214113239774587,100,100,7
pc8,0.02644684704020615,0.014532594112679313,0.011914252927526837,0.011734583265613758,0.01210455758962781,0.0,17.653978698132075,100,100,8
pc8,0.025072628837078767,0.015262477966025425,0.009810150871053342,0.009439039307413624,0.010135169925168153,0.0,8.048553049384271,100,100,9
pc8,0.025067198425531338,0.015689196400344323,0.009378002025187016,0.008826664012158295,0.009894765768665822,0.0,5.084368129587492,100,100,10
pc8,0.03111592279747124,0.015033436287194437,0.0160824865102768,0.01552569319400937,0.016584799829637637,0.0,8.420289647463202,100,100,11
pc9,0.001237788713769935,0.001053011640324209,0.00018477707344572596,0.00011679476399148541,0.00025938735551608454,0.0,0.709712392260677,100,100,0
pc9,0.0014153942599659278,0.0012894754385342339,0.00012591882143169397,2.5041801971376988e-05,0.0002304148348339309,0.008,0.3399374842217924,100,100,1
pc9,0.0031846843915990975,0.002360109077999315,0.0008245753135997826,0.0005922515154525116,0.0010559400508063851,0.0,1.004265901177511,100,100,2
pc9,0.005864250869490154,0.003581033003283615,0.002283217866206539,0.0018407564445515126,0.002753837496711632,0.0,1.3945750561800248,100,100,3
pc9,0.006512515489011953,0.0047685197298414535,0.0017439957591704998,0.0012253290478838606,0.0022360651681083187,0.0,0.9277599741523874,100,100,4
pc9,0.006885593177284993,0.005072088548913548,0.0018135046283714448,0.0013363738367333888,0.0022949678605655183,0.0,1.072786609450911,100,100,5
pc9,0.007544694300740907,0.006038549731019832,0.001506144569721075,0.0010964952444774089,0.0019154990558745413,0.0,1.0093886045548328,100,100,6
pc9,0.008561217784881543,0.007810125821270001,0.0007510919636115419,0.0003316784154158061,0.0011921134943840977,0.0,0.44582678023896544,100,100,7
pc9,0.010469352626241695,0.008843915676698035,0.00162543694954366,0.0011899587098741918,0.002083192020421849,0.0,0.9315325988689565,100,100,8
pc9,0.01274519228376444,0.010597917879931584,0.0021472744038328554,0.0016658578319475102,0.002651600922341453,0.0,1.146686509949957,100,100,9
pc9,0.016692733606323555,0.011624676468782076,0.005068057137541479,0.004416356541099957,0.005650951836607429,0.0,2.326583666317464,100,100,10
pc9,0.020141248181462238,0.01088632042054082,0.009254927760921417,0.00835249211871996,0.01020357208373025,0.0,2.743046721277918,100,100,11
pc10,0.0008591678616357439,0.000798603860894171,6.056400074157286e-05,2.4756186860027903e-05,9.866909515403328e-05,0.0,0.43731886480364807,100,100,0
pc10,0.0009322375454939411,0.0010524450079537442,-0.00012020746245980309,-0.00019246812150231437,-5.4314015971612876e-05,0.0,-0.48410910974070165,100,100,1
pc10,0.002108830440556577,0.002014254708774336,9.457573178224066e-05,-6.133045439491647e-05,0.0002358387977874331,0.25,0.17363784639390925,100,100,2
pc10,0.003646876958664455,0.002877854397520373,0.000769022561144082,0.0005380596897448398,0.000993233139539365,0.0,0.9525960936051703,100,100,3
pc10,0.004132873304188197,0.0039138153824023435,0.0002190579217858533,-6.830724311294179e-05,0.0005028508200775759,0.124,0.2170837797737651,100,100,4
pc10,0.004696112519595719,0.004427397998515469,0.00026871452108025076,-5.956427671481387e-05,0.0005706880720099387,0.098,0.23803110908335012,100,100,5
pc10,0.005188037245534313,0.005075197322294061,0.0001128399232402516,-0.00020528093096798818,0.00040797386638588215,0.506,0.09734262687590733,100,100,6
pc10,0.006153396861627652,0.006171193891204844,-1.7797029577191342e-05,-0.00034626541577744763,0.00031798036734108435,0.894,-0.014885558006178379,100,100,7
pc10,0.007508670655079136,0.006980695086531291,0.0005279755685478451,0.0001656213320093313,0.000908644826151443,0.004,0.37562453059255385,100,100,8
pc10,0.009410960813984232,0.00838219040073449,0.0010287704132497417,0.0005607316201785631,0.0015281261542113554,0.0,0.5814267992603681,100,100,9
pc10,0.012636162228882261,0.009284877488389562,0.0033512847404926997,0.002633657325291998,0.003999978272477167,0.0,1.3128983830182122,100,100,10
pc10,0.015776042919605923,0.00907741358969356,0.006698629329912362,0.005736134287784804,0.007610239861416623,0.0,2.038923100276037,100,100,11
k85,5.9,5.0,0.9000000000000004,0.8399999999999999,0.9500000000000002,0.0,4.221374183841088,100,100,0
k85,5.0,5.0,0.0,0.0,0.0,2.0,,100,100,1
k85,5.0,5.0,0.0,0.0,0.0,2.0,,100,100,2
k85,5.39,5.01,0.3799999999999999,0.28000000000000025,0.4802500000000002,0.0,1.0741515036457858,100,100,3
k85,5.96,5.62,0.33999999999999986,0.2400000000000002,0.44025000000000014,0.0,0.9139790283335695,100,100,4
k85,6.0,5.5,0.5,0.40975000000000017,0.5902499999999996,0.0,1.407124727947029,100,100,5
k85,6.0,5.54,0.45999999999999996,0.3600000000000003,0.5599999999999996,0.0,1.298717315918544,100,100,6
k85,6.0,5.93,0.07000000000000028,0.03000000000000025,0.1200000000000001,0.0,0.386046963547853,100,100,7
k85,6.32,5.96,0.3600000000000003,0.2599999999999998,0.45999999999999996,0.0,1.0011867957579152,100,100,8
k85,6.78,5.99,0.79,0.7000000000000002,0.8799999999999999,0.0,2.609284123349474,100,100,9
k85,7.3,5.98,1.3199999999999994,1.2199999999999998,1.4202499999999998,0.0,3.5772276784545696,100,100,10
k85,7.73,5.99,1.7400000000000002,1.58,1.9000000000000004,0.0,2.9118710355824855,100,100,11
k90,6.0,6.0,0.0,0.0,0.0,2.0,,100,100,0
k90,6.0,6.0,0.0,0.0,0.0,2.0,,100,100,1
k90,6.0,6.0,0.0,0.0,0.0,2.0,,100,100,2
k90,6.33,6.0,0.33000000000000007,0.2400000000000002,0.41999999999999993,0.0,0.9875342427465569,100,100,3
k90,6.9,6.0,0.9000000000000004,0.8399999999999999,0.9500000000000002,0.0,4.221374183841088,100,100,4
k90,6.98,6.0,0.9800000000000004,0.9500000000000002,1.0,0.0,9.849873095629206,100,100,5
k90,7.0,6.02,0.9800000000000004,0.9500000000000002,1.0,0.0,9.849873095629206,100,100,6
k90,7.18,6.58,0.5999999999999996,0.47999999999999954,0.7299999999999995,0.0,1.3498466170534154,100,100,7
k90,7.7,6.84,0.8600000000000003,0.75,0.9699999999999998,0.0,2.0620513449303153,100,100,8
k90,8.29,7.33,0.9599999999999991,0.8200000000000003,1.1000000000000005,0.0,1.8607949577432763,100,100,9
k90,9.49,7.71,1.7800000000000002,1.5599999999999996,2.0102500000000005,0.0,2.1671145992955734,100,100,10
k90,9.96,7.67,2.290000000000001,2.0199999999999996,2.5300000000000002,0.0,2.486440512968512,100,100,11
k95,7.0,7.0,0.0,0.0,0.0,2.0,,100,100,0
k95,7.0,7.0,0.0,0.0,0.0,2.0,,100,100,1
k95,7.58,7.0,0.5800000000000001,0.4800000000000004,0.6799999999999997,0.0,1.6535675717326204,100,100,2
k95,8.0,7.15,0.8499999999999996,0.7800000000000002,0.9199999999999999,0.0,3.3496268448888435,100,100,3
k95,8.14,7.81,0.33000000000000096,0.22999999999999954,0.4399999999999995,0.0,0.8866120534285158,100,100,4
k95,8.4,7.98,0.41999999999999993,0.2900000000000009,0.5500000000000007,0.0,0.8717498383589474,100,100,5
k95,9.07,8.56,0.5099999999999998,0.29000000000000087,0.7200000000000006,0.0,0.6574394307611894,100,100,6
k95,10.52,9.75,0.7699999999999996,0.450000000000001,1.08025,0.0,0.6802280359667761,100,100,7
k95,12.37,11.03,1.3399999999999999,0.9600000000000009,1.7100000000000009,0.0,0.9852951938237606,100,100,8
k95,14.05,12.28,1.7700000000000014,1.3399999999999999,2.1999999999999993,0.0,1.1380960308478858,100,100,9
k95,16.01,13.16,2.8500000000000014,2.380000000000001,3.349999999999998,0.0,1.6178611598895223,100,100,10
k95,16.19,12.92,3.2700000000000014,2.780000000000001,3.7702499999999977,0.0,1.8321107298730759,100,100,11
