layer,G,boot_id
0,0.9920509372438703,0
1,0.9909730950991312,0
2,0.9833193023999532,0
3,0.9710012731097993,0
4,0.9533741786366418,0
5,0.9441669952301752,0
6,0.9327133893966675,0
7,0.9285343033926827,0
8,0.9188109494390941,0
9,0.908702844665164,0
10,0.8988513889766875,0
11,0.8751440559114728,0
0,0.991476039091746,1
1,0.9902273913224539,1
2,0.9805926084518433,1
3,0.9686782558759054,1
4,0.9564260840415955,1
5,0.9520218968391418,1
6,0.9433608253796896,1
7,0.9340859353542328,1
8,0.9265419046084086,1
9,0.9136852820714315,1
10,0.9031238257884979,1
11,0.8491530319054922,1
0,0.9912152091662089,2
1,0.9905469190506708,2
2,0.9822202750614711,2
3,0.97120030437197,2
4,0.9555236356598991,2
5,0.946889959630512,2
6,0.9379020390056428,2
7,0.931697150071462,2
8,0.9218365436508542,2
9,0.9104255948747907,2
10,0.8994561462175279,2
11,0.8761449910345531,2
0,0.9922139048576355,3
1,0.9899794816970825,3
2,0.9792709628740947,3
3,0.9620476365089417,3
4,0.9424068450927734,3
5,0.9360792318979899,3
6,0.9244552731513977,3
7,0.9209636211395263,3
8,0.9082320491472881,3
9,0.897597074508667,3
10,0.8842878580093384,3
11,0.8540966709454855,3
0,0.9918074488639832,4
1,0.9895564238230388,4
2,0.9791074275970459,4
3,0.9620174447695414,4
4,0.9425065716107687,4
5,0.9375125606854756,4
6,0.9254243652025859,4
7,0.9223930835723877,4
8,0.9129264712333679,4
9,0.9039835413297017,4
10,0.8916998982429505,4
11,0.8624184727668762,4
0,0.9921328703562419,5
1,0.9905935724576315,5
2,0.9805681029955546,5
3,0.9658376971880595,5
4,0.9509170373280843,5
5,0.9455401579538981,5
6,0.9328875621159871,5
7,0.9297544439633687,5
8,0.9225404103597005,5
9,0.9102724472681681,5
10,0.8995055397351582,5
11,0.8733155369758606,5
0,0.991078519821167,6
1,0.9901852766672771,6
2,0.9808173378308614,6
3,0.9694599111874899,6
4,0.9534034053484599,6
5,0.9464534838994344,6
6,0.9367115378379822,6
7,0.9329144914944967,6
8,0.9268158952395121,6
9,0.916465433438619,6
10,0.9089404185612996,6
11,0.886189337571462,6
0,0.9915588441349211,7
1,0.9898831872712999,7
2,0.9795485933621725,7
3,0.9635431482678368,7
4,0.9470072104817345,7
5,0.9398504410471235,7
6,0.9281019596826463,7
7,0.922731754325685,7
8,0.9109946915081569,7
9,0.8978310369309925,7
10,0.8850646217664083,7
11,0.8474562451952979,7
0,0.9903428196907044,8
1,0.9895232737064361,8
2,0.9801963865756989,8
3,0.9700221598148346,8
4,0.9546188652515412,8
5,0.9483478903770447,8
6,0.941137719154358,8
7,0.9348941385746002,8
8,0.9294870138168335,8
9,0.918810921907425,8
10,0.9101312279701232,8
11,0.889039009809494,8
0,0.9920547087987264,9
1,0.9915750821431478,9
2,0.9835170467694601,9
3,0.9733088731765747,9
4,0.9574944297472636,9
5,0.9485675652821859,9
6,0.9383660475413005,9
7,0.9336712598800659,9
8,0.9248581210772197,9
9,0.9136387705802917,9
10,0.9034691333770752,9
11,0.8861260692278544,9
0,0.9917352455002921,10
1,0.9903670776458013,10
2,0.9800588885943095,10
3,0.9662769238154093,10
4,0.9489556919960749,10
5,0.9421152472496033,10
6,0.930009282770611,10
7,0.9268877761704581,10
8,0.9181820182573228,10
9,0.9070310933249337,10
10,0.8954762248765855,10
11,0.8768924446333022,10
0,0.9915889388038999,11
1,0.9899981703077044,11
2,0.9786555171012878,11
3,0.9632915911220369,11
4,0.9450396129063198,11
5,0.9391414665040516,11
6,0.9288798882847741,11
7,0.9253069332667759,11
8,0.9144121124630883,11
9,0.9037505501792544,11
10,0.8914807779448373,11
11,0.8625892854872204,11
0,0.9926181882619858,12
1,0.9905966520309448,12
2,0.9811551038708005,12
3,0.9647469818592072,12
4,0.9468237651245934,12
5,0.9407747175012316,12
6,0.9285364193575723,12
7,0.9246352847133364,12
8,0.9146482284579959,12
9,0.9044243352753776,12
10,0.8923279579196658,12
11,0.8589080976588386,12
0,0.9929347520782834,13
1,0.9923496700468517,13
2,0.9845508933067322,13
3,0.9730489339147296,13
4,0.9577440647851854,13
5,0.9493863355545771,13
6,0.9381043655531747,13
7,0.9350570752507165,13
8,0.9267916565849668,13
9,0.9157373110453287,13
10,0.9078494083313715,13
11,0.8828154773939223,13
0,0.9916660189628601,14
1,0.9893791198730468,14
2,0.9772733052571615,14
3,0.9595800836881002,14
4,0.9423600474993388,14
5,0.9386274456977844,14
6,0.927642571926117,14
7,0.9245643059412638,14
8,0.9191412369410197,14
9,0.9096277991930644,14
10,0.898969829082489,14
11,0.8588158448537191,14
0,0.9930659532546997,15
1,0.9913240492343902,15
2,0.983636099100113,15
3,0.9689121305942535,15
4,0.9534297287464142,15
5,0.947101378440857,15
6,0.9313662588596344,15
7,0.9299596846103668,15
8,0.9222543060779571,15
9,0.9124363362789154,15
10,0.9008251011371613,15
11,0.875506329536438,15
0,0.9909022251764933,16
1,0.9891801118850708,16
2,0.977393114566803,16
3,0.9611522754033407,16
4,0.9430850585301717,16
5,0.93661603530248,16
6,0.9264915625254313,16
7,0.9214058876037597,16
8,0.9091861724853516,16
9,0.8971886078516642,16
10,0.882749593257904,16
11,0.8512283643086751,16
0,0.9929748276869456,17
1,0.9922466377417246,17
2,0.9824516971906027,17
3,0.9701915582021078,17
4,0.9572937687238058,17
5,0.9517678916454315,17
6,0.9417763749758402,17
7,0.9362404644489288,17
8,0.9290016194184622,17
9,0.9194644093513489,17
10,0.9103224178155264,17
11,0.8695948620637258,17
0,0.9940747737884521,18
1,0.9932793378829956,18
2,0.9874812602996826,18
3,0.974804961681366,18
4,0.9593523859977722,18
5,0.9511264562606812,18
6,0.939659696817398,18
7,0.9378361701965332,18
8,0.9298169434070587,18
9,0.9205791771411895,18
10,0.913728016614914,18
11,0.8891452312469482,18
0,0.9920700788497925,19
1,0.99046089053154,19
2,0.9815422475337983,19
3,0.965943557024002,19
4,0.9492858946323395,19
5,0.9410785555839538,19
6,0.9272768259048462,19
7,0.9212304294109345,19
8,0.9098709642887115,19
9,0.8963665068149567,19
10,0.8860786199569702,19
11,0.8423612892627717,19
0,0.9930731376012166,20
1,0.9906544287999471,20
2,0.9795385718345642,20
3,0.9629779934883118,20
4,0.9447155714035034,20
5,0.9384132862091065,20
6,0.9239070494969686,20
7,0.9220741947491964,20
8,0.9118343830108643,20
9,0.9000570853551229,20
10,0.8880765914916993,20
11,0.8648056626319885,20
0,0.9920344863619123,21
1,0.9904762463910239,21
2,0.9802633970975876,21
3,0.964447945356369,21
4,0.9472110314028603,21
5,0.9412279405764171,21
6,0.9303099129881177,21
7,0.9270617067813873,21
8,0.9187289667981011,21
9,0.9086682328156063,21
10,0.89843031338283,21
11,0.865486496261188,21
0,0.9919977102960859,22
1,0.9910325351215544,22
2,0.982193804922558,22
3,0.9694985747337341,22
4,0.9532344625109718,22
5,0.9454300261679149,22
6,0.934628739243462,22
7,0.9299930192175365,22
8,0.9213208499408904,22
9,0.9104215190524146,22
10,0.9017716220446995,22
11,0.8651382468995594,22
0,0.9926181946481977,23
1,0.9905966477734702,23
2,0.9811551017420632,23
3,0.964746994631631,23
4,0.946823735322271,23
5,0.9407747089862823,23
6,0.9285364193575723,23
7,0.9246352719409126,23
8,0.9146482348442078,23
9,0.9044243459190641,23
10,0.8923279345035553,23
11,0.8589080785002027,23
0,0.9917349716027578,24
1,0.9899570478333367,24
2,0.9794012556473414,24
3,0.9642147686746385,24
4,0.9476868311564127,24
5,0.9420852164427439,24
6,0.9306119912200503,24
7,0.9264593174060186,24
8,0.9185363981458876,24
9,0.9073071827491125,24
10,0.8963282108306885,24
11,0.8646505276362101,24
0,0.9926061034202576,25
1,0.9923581779003143,25
2,0.9826787014802297,25
3,0.9725279211997986,25
4,0.9579184850056967,25
5,0.9512706995010376,25
6,0.9422262807687124,25
7,0.9388928810755411,25
8,0.9306083917617798,25
9,0.9212514460086823,25
10,0.911576896905899,25
11,0.89045982559522,25
0,0.9909022291501363,26
1,0.9891801277796427,26
2,0.977393118540446,26
3,0.9611522714296977,26
4,0.9430850187937418,26
5,0.9366160829861959,26
6,0.9264915466308594,26
7,0.921405839920044,26
8,0.9091862042744955,26
9,0.8971886237462362,26
10,0.882749613126119,26
11,0.8512284000714619,26
0,0.992132826646169,27
1,0.9905935684839885,27
2,0.9805681029955546,27
3,0.9658377766609192,27
4,0.9509170691172282,27
5,0.9455401659011841,27
6,0.9328875780105591,27
7,0.9297544836997986,27
8,0.9225404262542725,27
9,0.9102724432945252,27
10,0.8995055596033732,27
11,0.8733155409495036,27
0,0.9927553080377125,28
1,0.990505229859125,28
2,0.9801980682781765,28
3,0.9628551204999288,28
4,0.9440784624644688,28
5,0.9379761105492002,28
6,0.9255524533135551,28
7,0.9213150427454994,28
8,0.9090380157743182,28
9,0.8977270949454534,28
10,0.8843417565027872,28
11,0.8474614932423546,28
0,0.9915645837783813,29
1,0.9898402372996012,29
2,0.9788754860560099,29
3,0.9617864330609639,29
4,0.944658370812734,29
5,0.9382235924402873,29
6,0.9274092435836792,29
7,0.9219201286633809,29
8,0.910284713904063,29
9,0.8976962725321452,29
10,0.8845354199409485,29
11,0.8426774144172668,29
0,0.9916703820228576,30
1,0.9905353744824728,30
2,0.9823510646820068,30
3,0.9699162483215332,30
4,0.9514880498250325,30
5,0.9428527315457662,30
6,0.9312920411427815,30
7,0.9277284860610961,30
8,0.9191865046819051,30
9,0.910075843334198,30
10,0.9009659687678019,30
11,0.8761705994606018,30
0,0.992712018035707,31
1,0.9913791985738845,31
2,0.9811077117919922,31
3,0.9662217327526638,31
4,0.9485700641359601,31
5,0.942776171934037,31
6,0.9312757253646851,31
7,0.9300233806882586,31
8,0.9226727031526112,31
9,0.9129363156500316,31
10,0.9039317426227388,31
11,0.880248384816306,31
0,0.9922147035598755,32
1,0.9903639018535614,32
2,0.9792018592357635,32
3,0.963951462507248,32
4,0.9478251814842225,32
5,0.9433561861515045,32
6,0.929770576953888,32
7,0.9273638010025025,32
8,0.9213245213031769,32
9,0.9092823803424835,32
10,0.8983680784702301,32
11,0.8678357660770416,32
0,0.9925982973405293,33
1,0.991405976670129,33
2,0.983956475343023,33
3,0.9709787879671369,33
4,0.9545787828309196,33
5,0.9462084323167801,33
6,0.9343067641769137,33
7,0.9292888790369034,33
8,0.9191689342260361,33
9,0.9081493679966245,33
10,0.8976861387491226,33
11,0.8647063949278423,33
0,0.9921867367294099,34
1,0.9912820176945792,34
2,0.9827913675043318,34
3,0.9705599413977729,34
4,0.9544663959079318,34
5,0.9466171314318975,34
6,0.9357627613676919,34
7,0.9306189980771806,34
8,0.9214049776395162,34
9,0.9102331267462836,34
10,0.9003409379058414,34
11,0.8684877124097612,34
0,0.9916557550430298,35
1,0.9907088994979858,35
2,0.9816520810127258,35
3,0.9696032206217448,35
4,0.9553421854972839,35
5,0.9492349624633789,35
6,0.9397994796435039,35
7,0.9314019997914632,35
8,0.9226739009221395,35
9,0.9100489099820455,35
10,0.8979402184486389,35
11,0.8573365926742553,35
0,0.9923379634107862,36
1,0.9914692746741431,36
2,0.9827994278499058,36
3,0.9704089718205589,36
4,0.9539787513869149,36
5,0.9466621918337685,36
6,0.9361991733312607,36
7,0.9307901646409716,36
8,0.9216879712683814,36
9,0.9109767654112407,36
10,0.9006458520889282,36
11,0.8660708389111927,36
0,0.9918657087144398,37
1,0.990799347559611,37
2,0.9818763761293321,37
3,0.9694160904203143,37
4,0.9545873886062985,37
5,0.947865210828327,37
6,0.9370346239634922,37
7,0.9318223737535023,37
8,0.9241392811139425,37
9,0.9123461360023135,37
10,0.9036040930520921,37
11,0.8690858540080842,37
0,0.9919825553894043,38
1,0.9909489591916402,38
2,0.9810070753097534,38
3,0.967296842734019,38
4,0.9499227404594421,38
5,0.9414976517359416,38
6,0.9302137851715088,38
7,0.9250007629394531,38
8,0.9143147627512614,38
9,0.9023531357447306,38
10,0.8930207411448161,38
11,0.850598172346751,38
0,0.9914261102676392,39
1,0.9892126202583313,39
2,0.9771690845489502,39
3,0.9584413766860962,39
4,0.9399245262145997,39
5,0.9342225551605224,39
6,0.9221703767776489,39
7,0.9162798464298249,39
8,0.9041198372840882,39
9,0.891205620765686,39
10,0.8771351754665375,39
11,0.8261673510074615,39
0,0.9917967081069946,40
1,0.9904972513516744,40
2,0.9808650811513265,40
3,0.9682248155275981,40
4,0.952761975924174,40
5,0.9464849750200908,40
6,0.935756504535675,40
7,0.9308107813199361,40
8,0.9244998733202616,40
9,0.9133947253227234,40
10,0.9055866122245788,40
11,0.8663364330927531,40
0,0.9917327165603638,41
1,0.9902237256368002,41
2,0.9805301598140171,41
3,0.9647272853624254,41
4,0.9492153156371343,41
5,0.9432291416894822,41
6,0.9328832484426952,41
7,0.9278767477898371,41
8,0.9186131585211981,41
9,0.9076385810261681,41
10,0.8959845219339643,41
11,0.8593689203262329,41
0,0.9927646915117899,42
1,0.9920139596575782,42
2,0.9833287994066874,42
3,0.971701687290555,42
4,0.9551569081488109,42
5,0.9477345659619286,42
6,0.9357362048966544,42
7,0.932597055321648,42
8,0.9251601781163897,42
9,0.9149372662816729,42
10,0.9064456962403797,42
11,0.8784903543336051,42
0,0.991676892553057,43
1,0.989791276199477,43
2,0.9783663898706436,43
3,0.9623880535364151,43
4,0.9453952184745243,43
5,0.9395993926695415,43
6,0.928059139422008,43
7,0.9235872839178357,43
8,0.9140531484569822,43
9,0.9017973222902843,43
10,0.8901584616729191,43
11,0.8552243390253612,43
0,0.9931970953941345,44
1,0.9918847878774008,44
2,0.983498477935791,44
3,0.9691987991333008,44
4,0.9511314312616984,44
5,0.9429701685905456,44
6,0.9310850024223327,44
7,0.9251826445261637,44
8,0.9125816583633423,44
9,0.9010533690452576,44
10,0.8888495246569316,44
11,0.8472707390785217,44
0,0.9929358987581163,45
1,0.9909503942444211,45
2,0.981163657846905,45
3,0.966223364784604,45
4,0.9480379621187845,45
5,0.9423697732743763,45
6,0.9277071640605018,45
7,0.926459150654929,45
8,0.9181564705712455,45
9,0.9082949388594854,45
10,0.8973027098746527,45
11,0.8734800929114932,45
0,0.9913565346172878,46
1,0.9897095390728542,46
2,0.9786972772507441,46
3,0.9633361441748483,46
4,0.9450383668854123,46
5,0.9401068403607323,46
6,0.9294120073318481,46
7,0.92615673939387,46
8,0.9180910048030672,46
9,0.9089177704992748,46
10,0.897650537036714,46
11,0.8699400226275126,46
0,0.9921568844999585,47
1,0.9904516445738929,47
2,0.9794721688543048,47
3,0.9636759204523904,47
4,0.945898317864963,47
5,0.9399985479457038,47
6,0.9288672847407204,47
7,0.9244781136512756,47
8,0.9134661363703864,47
9,0.9019561771835599,47
10,0.889432355761528,47
11,0.8534592262336186,47
0,0.9926181925194604,48
1,0.9905966690608433,48
2,0.9811550953558513,48
3,0.9647470095327922,48
4,0.9468237566096442,48
5,0.9407747153724942,48
6,0.9285364065851484,48
7,0.9246352698121753,48
8,0.9146482305867332,48
9,0.9044243459190641,48
10,0.8923279515334538,48
11,0.8589080806289401,48
0,0.9917327222369966,49
1,0.9902237227984837,49
2,0.980530151299068,49
3,0.9647273392904372,49
4,0.9492153298287165,49
5,0.9432291473661151,49
6,0.932883254119328,49
7,0.9278767449515206,49
8,0.9186131358146667,49
9,0.9076385838644845,49
10,0.8959845304489136,49
11,0.8593689174879164,49
0,0.9918647961957114,50
1,0.9900994449853897,50
2,0.9795835763216019,50
3,0.9638477180685315,50
4,0.9463720257793155,50
5,0.9402480231864112,50
6,0.928169527224132,50
7,0.9250602849892208,50
8,0.9167351594993046,50
9,0.9062107716287885,50
10,0.8960634895733425,50
11,0.8620794181312833,50
0,0.992643411954244,51
1,0.9913405974706014,51
2,0.981071921189626,51
3,0.9670265515645345,51
4,0.9497142950693767,51
5,0.942310877641042,51
6,0.9292255361874898,51
7,0.9262998183568318,51
8,0.9158791462580363,51
9,0.9027909517288208,51
10,0.8909632841746012,51
11,0.8641539931297302,51
0,0.9917994936307272,52
1,0.9899667342503865,52
2,0.9786859035491944,52
3,0.9636159420013428,52
4,0.9469089110692342,52
5,0.942191215356191,52
6,0.9290937860806783,52
7,0.9253251314163208,52
8,0.9184160351753234,52
9,0.9063244938850403,52
10,0.8944679578145345,52
11,0.8635468165079753,52
0,0.9923998355865479,53
1,0.9900497953097026,53
2,0.9799970984458923,53
3,0.9613415360450744,53
4,0.9424251039822896,53
5,0.936986486117045,53
6,0.9237473845481873,53
7,0.9209833184878031,53
8,0.9120740373929341,53
9,0.9028936306635539,53
10,0.8919267654418945,53
11,0.8526361028353373,53
0,0.991736872990926,54
1,0.9901073137919109,54
2,0.9777791659037273,54
3,0.9628572980562846,54
4,0.9450258413950602,54
5,0.9393640557924906,54
6,0.9276505231857299,54
7,0.9256527264912923,54
8,0.9165593226750691,54
9,0.9046525398890177,54
10,0.894116981824239,54
11,0.874721082051595,54
0,0.9930835525194804,55
1,0.9915578087170919,55
2,0.9847326676050822,55
3,0.9703160087267558,55
4,0.9560221354166667,55
5,0.9487054069836934,55
6,0.9346581180890401,55
7,0.9320809761683146,55
8,0.9235428214073181,55
9,0.9131558736165365,55
10,0.9022705992062886,55
11,0.8799563924471537,55
0,0.9918182832854134,56
1,0.9898700827643985,56
2,0.9780871924899873,56
3,0.961512443565187,56
4,0.944716595468067,56
5,0.9398658928417024,56
6,0.9295560518900553,56
7,0.9248476454189846,56
8,0.9152831264904567,56
9,0.9036714973903838,56
10,0.8908633646510896,56
11,0.8526044629869007,56
0,0.9924054344495138,57
1,0.9915328848929632,57
2,0.9821010175205412,57
3,0.9691188307035536,57
4,0.9522595433961778,57
5,0.9446446980748858,57
6,0.9340384489014035,57
7,0.9281086581093925,57
8,0.9170470578329903,57
9,0.9054715037345886,57
10,0.8941724555832999,57
11,0.8551584028062367,57
0,0.992678415775299,58
1,0.9906744162241617,58
2,0.9815235257148742,58
3,0.9665626565615336,58
4,0.9493855198224386,58
5,0.9435641050338746,58
6,0.9282607992490133,58
7,0.9256192763646444,58
8,0.9168286204338074,58
9,0.9059981425603231,58
10,0.8929885109265645,58
11,0.8656570712725321,58
0,0.9923796511831737,59
1,0.9909510839553106,59
2,0.9829030065309434,59
3,0.9697671192032951,59
4,0.9536299052692595,59
5,0.9462309706778753,59
6,0.93391843352999,59
7,0.9282884484245664,59
8,0.919551690419515,59
9,0.9081073573657444,59
10,0.8978478624707177,59
11,0.8627259277162098,59
0,0.9913934753054664,60
1,0.9899131343478248,60
2,0.9791734445662725,60
3,0.9634856496538434,60
4,0.9453330238660177,60
5,0.9392333541597638,60
6,0.9293792957351321,60
7,0.9274166425069174,60
8,0.9200014443624587,60
9,0.9114279094196501,60
10,0.9019694243158612,60
11,0.8766974863551912,60
0,0.9919143063681466,61
1,0.9908788601557413,61
2,0.9810244157200768,61
3,0.9680272113709223,61
4,0.9520315073785328,61
5,0.9446734927949452,61
6,0.9337040554909479,61
7,0.9275656597954887,61
8,0.9182807831537156,61
9,0.905957505816505,61
10,0.8960088491439819,61
11,0.8584863146146139,61
0,0.9909267595836094,62
1,0.9891007429077512,62
2,0.9778077630769639,62
3,0.9620049908047631,62
4,0.9448880070731753,62
5,0.9395412632397243,62
6,0.9290218977701097,62
7,0.9268829680624462,62
8,0.9206767820176625,62
9,0.9107359704517183,62
10,0.9014069608279637,62
11,0.8771942513329642,62
0,0.992925767103831,63
1,0.9920748750368754,63
2,0.9823882659276326,63
3,0.9698920369148254,63
4,0.9541645010312398,63
5,0.9463137706120809,63
6,0.9344918688138326,63
7,0.9302842895189921,63
8,0.921416187286377,63
9,0.9094736814498902,63
10,0.900439707438151,63
11,0.8707377195358277,63
0,0.9922641898904528,64
1,0.9903546337570462,64
2,0.9815440390791211,64
3,0.9651519358158112,64
4,0.9483066520520619,64
5,0.9412157897438321,64
6,0.9282672383955547,64
7,0.9251960941723415,64
8,0.9157071709632874,64
9,0.9053419189793723,64
10,0.8948112577199936,64
11,0.8637358929429736,64
0,0.9920957644780477,65
1,0.9905015150705974,65
2,0.9818727652231852,65
3,0.9688301046689352,65
4,0.952172827720642,65
5,0.9455254236857097,65
6,0.9334165096282959,65
7,0.9281634410222371,65
8,0.9210945010185242,65
9,0.9106366912523906,65
10,0.9013526360193889,65
11,0.8620430668195088,65
0,0.9923471836816697,66
1,0.9910546569597154,66
2,0.9830894526981172,66
3,0.969950829233442,66
4,0.9528750010899135,66
5,0.9450722194853283,66
6,0.9330107200713385,66
7,0.9284171518825349,66
8,0.9191483855247498,66
9,0.9088029151871091,66
10,0.8987855173292614,66
11,0.8624717366127741,66
0,0.9918297415687924,67
1,0.9911819526127407,67
2,0.9823756076040722,67
3,0.9710890764281863,67
4,0.9536725992248172,67
5,0.9458778670855931,67
6,0.936165261836279,67
7,0.9318928434735253,67
8,0.9236224634306771,67
9,0.9142364887964158,67
10,0.9045465134439015,67
11,0.8801723179363069,67
0,0.9926278591156006,68
1,0.9911153316497803,68
2,0.9798478007316589,68
3,0.9642834107081095,68
4,0.9452811241149902,68
5,0.940406076113383,68
6,0.9276809732119242,68
7,0.9266501744588216,68
8,0.9196182171503703,68
9,0.9098280946413676,68
10,0.9004417975743612,68
11,0.8732834060986837,68
0,0.9923472347713652,69
1,0.9910546484447661,69
2,0.9830894725663322,69
3,0.9699508008502778,69
4,0.9528750010899135,69
5,0.9450721825872149,69
6,0.9330106803349086,69
7,0.9284171263376871,69
8,0.9191483628182184,69
9,0.9088029492469061,69
10,0.8987854775928316,69
11,0.8624717195828756,69
0,0.991997690427871,70
1,0.9910325351215544,70
2,0.9821937935692924,70
3,0.9694985747337341,70
4,0.953234422774542,70
5,0.9454300687426612,70
6,0.9346287364051455,70
7,0.9299930248941694,70
8,0.9213208300726754,70
9,0.9104215105374655,70
10,0.9017716220446995,70
11,0.865138244061243,70
0,0.9923649072647095,71
1,0.9904856165250142,71
2,0.9782328923543294,71
3,0.9630730549494425,71
4,0.9460075894991556,71
5,0.9412963430086771,71
6,0.9288419167200724,71
7,0.9264191309611003,71
8,0.9181804935137431,71
9,0.9064954241116842,71
10,0.8958123445510864,71
11,0.8664647738138834,71
0,0.9923059225082398,72
1,0.9898718555768331,72
2,0.9797523299853007,72
3,0.9612698197364807,72
4,0.9430463393529256,72
5,0.9364725907643636,72
6,0.9235887169837952,72
7,0.9172891100247701,72
8,0.9034854014714558,72
9,0.8906869212786357,72
10,0.8750072121620178,72
11,0.8322743535041809,72
0,0.9923998673756917,73
1,0.9900497992833456,73
2,0.9799971222877503,73
3,0.9613415479660035,73
4,0.9424250642458598,73
5,0.9369864940643311,73
6,0.9237473726272583,73
7,0.9209832668304443,73
8,0.9120740056037903,73
9,0.9028936266899109,73
10,0.8919267574946086,73
11,0.8526360948880514,73
0,0.9906103781291417,74
1,0.9888371371087574,74
2,0.9778670384770348,74
3,0.9627087059475127,74
4,0.9465787183670771,74
5,0.9411424171356928,74
6,0.9310688234510875,74
7,0.9263018398057847,74
8,0.918284745443435,74
9,0.9066113829612732,74
10,0.8943902424403599,74
11,0.8690062874839419,74
0,0.9914907962083817,75
1,0.9899852557314767,75
2,0.9796808974610435,75
3,0.9651874833636813,75
4,0.947544053196907,75
5,0.9408753795756234,75
6,0.9297502636909485,75
7,0.9264728542831209,75
8,0.9177729967567656,75
9,0.907499697473314,75
10,0.8968964434332318,75
11,0.8729836410946317,75
0,0.9934588074684143,76
1,0.9915260473887125,76
2,0.9818918824195861,76
3,0.9660758773485819,76
4,0.9472667972246805,76
5,0.9395843426386515,76
6,0.9246906161308288,76
7,0.9246034224828085,76
8,0.9144703149795532,76
9,0.9036013841629028,76
10,0.8934216737747193,76
11,0.8747383673985799,76
0,0.99198659828731,77
1,0.9906643033027649,77
2,0.9801475547608876,77
3,0.9658274395125253,77
4,0.9476026069550287,77
5,0.9407350506101336,77
6,0.9285987956183297,77
7,0.9279886257080805,77
8,0.9207950603394282,77
9,0.9111756114732652,77
10,0.9028823602767218,77
11,0.8873341906638372,77
0,0.991559648513794,78
1,0.9906544327735901,78
2,0.9827646851539612,78
3,0.9714931726455689,78
4,0.9597922007242838,78
5,0.9538572072982788,78
6,0.9446184277534485,78
7,0.9365490237871806,78
8,0.9268257021903992,78
9,0.9130089481671652,78
10,0.9022833546002705,78
11,0.8636742234230042,78
0,0.9919162350041526,79
1,0.99022547687803,79
2,0.9794379323720932,79
3,0.9634278650794711,79
4,0.9455979296139309,79
5,0.9385867757456643,79
6,0.9265257098845073,79
7,0.922952379499163,79
8,0.9124505370855331,79
9,0.9005292526313237,79
10,0.8895807947431292,79
11,0.8559659676892417,79
0,0.9939170002937316,80
1,0.9927577912807465,80
2,0.9842738151550293,80
3,0.9719549000263215,80
4,0.9546264588832856,80
5,0.9467832624912262,80
6,0.9331511378288269,80
7,0.9319441616535187,80
8,0.9224252164363861,80
9,0.9128502607345581,80
10,0.9032533228397369,80
11,0.8748300611972809,80
0,0.9920252391270229,81
1,0.9895613704408918,81
2,0.978594978650411,81
3,0.9610137854303632,81
4,0.9431283672650655,81
5,0.9370054545856658,81
6,0.9237620348022098,81
7,0.9193812779017857,81
8,0.9086924734569731,81
9,0.896463794367654,81
10,0.8838346203168234,81
11,0.8478171797025771,81
0,0.9915745973587036,82
1,0.9907851397991181,82
2,0.982238358259201,82
3,0.9707952320575715,82
4,0.9593079149723053,82
5,0.9542814254760742,82
6,0.9456998586654664,82
7,0.9371292352676391,82
8,0.9286077380180359,82
9,0.9156590104103088,82
10,0.904571121931076,82
11,0.8610427021980286,82
0,0.9916829693885076,83
1,0.9901017262822106,83
2,0.9788928798266819,83
3,0.9644020426841009,83
4,0.9467517392975944,83
5,0.9411806464195251,83
6,0.9294500152269999,83
7,0.9275692190442767,83
8,0.9208843963486808,83
9,0.9104516903559366,83
10,0.9006134385154361,83
11,0.8831207071031842,83
0,0.9921622753143311,84
1,0.9912256002426147,84
2,0.9814325173695883,84
3,0.9681868751843771,84
4,0.9510734438896179,84
5,0.9441753029823303,84
6,0.9331578334172567,84
7,0.9269062876701355,84
8,0.9164109388987224,84
9,0.905349059899648,84
10,0.8944677352905274,84
11,0.8499179681142172,84
0,0.9916666682277407,85
1,0.9909090527466365,85
2,0.9821805059909821,85
3,0.9706864314419883,85
4,0.9537023625203541,85
5,0.9453646072319576,85
6,0.9350649054561343,85
7,0.9307369845254081,85
8,0.9221713777099337,85
9,0.9119739277022225,85
10,0.9027425923517772,85
11,0.8798058373587472,85
0,0.9909267567452931,86
1,0.9891007429077512,86
2,0.9778077630769639,86
3,0.9620049879664466,86
4,0.9448879758516947,86
5,0.939541240533193,86
6,0.9290219034467425,86
7,0.9268829652241298,86
8,0.920676779179346,86
9,0.9107359590984526,86
10,0.9014069806961786,86
11,0.8771942513329642,86
0,0.9901658475399018,87
1,0.9880378186702728,87
2,0.975828206539154,87
3,0.9589047372341156,87
4,0.9427185654640198,87
5,0.9395456969738006,87
6,0.9311809241771698,87
7,0.9265612125396728,87
8,0.9206086456775665,87
9,0.9107026100158692,87
10,0.8971040785312653,87
11,0.8673949241638184,87
0,0.99200296827725,88
1,0.9910366237163544,88
2,0.982131513101714,88
3,0.9697681622845786,88
4,0.9531890388045993,88
5,0.9457705063479287,88
6,0.9347990155220032,88
7,0.9298632591962814,88
8,0.9214734328644616,88
9,0.9108630525214332,88
10,0.9015094318560192,88
11,0.8669756885085788,88
0,0.9922427251225426,89
1,0.9907848693075634,89
2,0.979354685261136,89
3,0.9652835726737976,89
4,0.9467550572894868,89
5,0.9401257889611381,89
6,0.9275100940749759,89
7,0.9256997761272249,89
8,0.9153854761804853,89
9,0.9040734427315849,89
10,0.8933302760124207,89
11,0.874492327372233,89
0,0.9911370064531054,90
1,0.9894385082381112,90
2,0.9784844773156303,90
3,0.963625009570803,90
4,0.9464890275682721,90
5,0.940936593072755,90
6,0.9303809404373169,90
7,0.9270517144884381,90
8,0.9199457126004356,90
9,0.9095055397067752,90
10,0.8990113245589393,90
11,0.8747092613152095,90
0,0.9924974384761992,91
1,0.991415486449287,91
2,0.9846866187595186,91
3,0.9714151422182719,91
4,0.9561296729814439,91
5,0.9473677618162972,91
6,0.9356484100932166,91
7,0.9308786619277227,91
8,0.920555849870046,91
9,0.9094680746396383,91
10,0.8999674433753604,91
11,0.8656793066433498,91
0,0.9930302619934082,92
1,0.9925393025080363,92
2,0.98440127770106,92
3,0.9726158221562703,92
4,0.9569338877995809,92
5,0.9493675827980042,92
6,0.9389446536699931,92
7,0.9359821677207947,92
8,0.9283153255780537,92
9,0.9180076003074646,92
10,0.9104808966318766,92
11,0.8832950274149577,92
0,0.9922737240791321,93
1,0.9897839784622192,93
2,0.9794751564661662,93
3,0.9605438510576884,93
4,0.9433178822199504,93
5,0.9385067701339722,93
6,0.9260388612747192,93
7,0.9232873320579529,93
8,0.916149353981018,93
9,0.9069075385729471,93
10,0.8959517280260721,93
11,0.8598763744036356,93
0,0.9912185697328477,94
1,0.989475565297263,94
2,0.9778246538979667,94
3,0.9623350898424784,94
4,0.9441100217047191,94
5,0.9382286951655433,94
6,0.9265778206643605,94
7,0.9230381959960574,94
8,0.9130670655341375,94
9,0.9022651513417562,94
10,0.8911508974574861,94
11,0.8623169348353431,94
0,0.991736900806427,95
1,0.9901073296864827,95
2,0.9777792096138,95
3,0.9628573020299276,95
4,0.9450258453687032,95
5,0.9393640995025635,95
6,0.9276505390803019,95
7,0.9256526986757915,95
8,0.9165593226750691,95
9,0.9046525279680888,95
10,0.8941169460614522,95
11,0.874721082051595,95
0,0.99152170419693,96
1,0.9903008341789246,96
2,0.9816848635673523,96
3,0.9703560650348664,96
4,0.9582696259021759,96
5,0.9530228078365326,96
6,0.9444991886615753,96
7,0.9364960730075836,96
8,0.927753210067749,96
9,0.9143901526927948,96
10,0.9045240938663482,96
11,0.8595138847827911,96
0,0.9912709355354309,97
1,0.9905449867248535,97
2,0.985707950592041,97
3,0.9742205321788788,97
4,0.9622209906578064,97
5,0.95202357172966,97
6,0.9437064528465271,97
7,0.9364548444747924,97
8,0.9240226805210113,97
9,0.9129216611385346,97
10,0.9016966104507447,97
11,0.875977885723114,97
0,0.9913359840710958,98
1,0.9885848760604858,98
2,0.9782703280448913,98
3,0.9606671770413716,98
4,0.9446640809377035,98
5,0.940120259920756,98
6,0.9268474618593852,98
7,0.9211782375971477,98
8,0.9121861815452575,98
9,0.9002546429634094,98
10,0.8864916205406189,98
11,0.8452868024508159,98
0,0.9920252362887064,99
1,0.9895613761175246,99
2,0.9785950013569423,99
3,0.9610138223284767,99
4,0.9431283757800147,99
5,0.9370054432324001,99
6,0.9237620404788426,99
7,0.9193812750634693,99
8,0.9086924535887582,99
9,0.896463794367654,99
10,0.8838346373467219,99
11,0.8478172024091085,99
