metric,mean_alt,mean_null,diff_mean,diff_ci_low,diff_ci_high,p_two_sided,cohens_d,n_alt,n_null,layer,level_from,level_to,q_value
G,0.9598560465342468,0.9668645580283233,-0.0070085114940764415,-0.008456871800100954,-0.00568963074813062,0.0,-1.3275570050965864,100,100,0,1,2,0.0
G,0.9598404905919043,0.9720405465828048,-0.01220005599090046,-0.013304040330246495,-0.01112233729099941,0.0,-2.9296178562483215,100,100,0,2,3,0.0
G,0.9695574755611873,0.9756673734892928,-0.006109897928105457,-0.007070428035905007,-0.0052287920649091435,0.0,-1.795153057928133,100,100,0,3,4,0.0
G,0.9581395532124573,0.9741643246549462,-0.016024771442488928,-0.017512483801988353,-0.014574417913279378,0.0,-3.0952091315796926,100,100,0,4,5,0.0
G,0.9624170562005232,0.9615869759571929,0.0008300802433303112,-0.0005190922425261146,0.002148096424826017,0.238,0.17488918551744168,100,100,0,5,6,0.24480000000000002
G,0.9698675952960576,0.9265857515760829,0.04328184371997468,0.04146800759007795,0.04531940017225519,0.0,6.244055510728659,100,100,0,6,7,0.0
G,0.9817132891004993,0.9440152509307103,0.037698038169789005,0.036351476681646566,0.03894795506082138,0.0,7.799184222365483,100,100,0,7,8,0.0
G,0.9373073188974747,0.9767094749770469,-0.039402156079572204,-0.04072944316407517,-0.03798080273677404,0.0,-7.90215181181811,100,100,0,8,9,0.0
G,0.9648662999977194,0.9648682222565016,-1.9222587821499104e-06,-0.0016627118937197704,0.001621599482768704,0.98,-0.00034143101583064973,100,100,0,9,10,0.98
G,0.9457770052661024,0.8903184098080983,0.055458595458004134,0.05287717425388009,0.057970445977411855,0.0,6.11406003307912,100,100,1,1,2,0.0
G,0.9284638965583983,0.9185587516252012,0.009905144933197163,0.007905196045492727,0.011961587928992542,0.0,1.3764746666291452,100,100,1,2,3,0.0
G,0.9087726584039036,0.9275436656560219,-0.01877100725211822,-0.020429457734596493,-0.016929660466502915,0.0,-3.0166473457695075,100,100,1,3,4,0.0
G,0.9001221998920517,0.9279258533172191,-0.02780365342516744,-0.029890577818914663,-0.02568613239365892,0.0,-3.6533565104009584,100,100,1,4,5,0.0
G,0.9059041839549465,0.9209669012545593,-0.015062717299612727,-0.01762791485214054,-0.01235337890506019,0.0,-1.5978533946751887,100,100,1,5,6,0.0
G,0.9343088883539988,0.9119925707469857,0.022316317607013136,0.019759795074093995,0.024862981636550246,0.0,2.365751277412998,100,100,1,6,7,0.0
G,0.9613430294082277,0.9376960030420434,0.02364702636618432,0.022045129907154886,0.025164099800763853,0.0,4.199893111314321,100,100,1,7,8,0.0
G,0.9211905881568554,0.9183118004065658,0.002878787750289602,0.0007642478120230472,0.005102727884822933,0.008,0.3575089004697885,100,100,1,8,9,0.00864
G,0.9249447406047867,0.9155701365082984,0.00937460409648827,0.0069488211421501744,0.01162432353058982,0.0,1.1813598347764884,100,100,1,9,10,0.0
G,0.9275364723584011,0.8740812771041243,0.05345519525427678,0.05057232366731712,0.05633700431957854,0.0,4.971594589166977,100,100,2,1,2,0.0
G,0.9060905257993277,0.898376794021281,0.007713731778046684,0.0053650353981388454,0.010078841543481515,0.0,0.872406008677219,100,100,2,2,3,0.0
G,0.878278585937288,0.9124837424433422,-0.03420515650605416,-0.036555928985112396,-0.031967513263887706,0.0,-4.034017332671216,100,100,2,3,4,0.0
G,0.8674245738732437,0.9152298761128432,-0.047805302239599556,-0.05045627237544175,-0.04483050320557634,0.0,-4.860982114050955,100,100,2,4,5,0.0
G,0.8957348295383983,0.9116461010471224,-0.015911271508724067,-0.018170539215337143,-0.01332516220799762,0.0,-1.8246682391487308,100,100,2,5,6,0.0
G,0.9247957432359931,0.8939658095538617,0.030829933682131383,0.028044937135527463,0.03355041115509839,0.0,3.324154623499525,100,100,2,6,7,0.0
G,0.9470011299616762,0.9163798321140191,0.030621297847657103,0.028743149937405437,0.03256645529952553,0.0,4.401829390567051,100,100,2,7,8,0.0
G,0.9002862503935422,0.9049314482103265,-0.004645197816784297,-0.007110527368894834,-0.002289403567805762,0.0,-0.5287842468746978,100,100,2,8,9,0.0
G,0.9210675590430932,0.8987483382518329,0.022319220791260364,0.020294892910785324,0.02427962464555377,0.0,2.948789162746609,100,100,2,9,10,0.0
G,0.8669966626285561,0.8557437088044861,0.011252953824069989,0.007515173685515164,0.014786751449640286,0.0,0.869429998119103,100,100,3,1,2,0.0
G,0.8639884681242799,0.8797363040792564,-0.01574783595497653,-0.019081397579657523,-0.012470335701285357,0.0,-1.2894022830839087,100,100,3,2,3,0.0
G,0.8716562767582281,0.8992886737949318,-0.027632397036703726,-0.02993972639731223,-0.025165101494439117,0.0,-3.0678914134123123,100,100,3,3,4,0.0
G,0.8489281379717682,0.9041634848117829,-0.05523534684001463,-0.05808018850399159,-0.05233775616600425,0.0,-5.284675911416814,100,100,3,4,5,0.0
G,0.8647049958729557,0.9065936574041846,-0.04188866153122894,-0.04450828941453757,-0.03916745342803861,0.0,-4.430595301891899,100,100,3,5,6,0.0
G,0.9164683740597869,0.8576285570552425,0.058839817004544326,0.05591228645104508,0.06177101840663049,0.0,5.255284269823716,100,100,3,6,7,0.0
G,0.9224118472025508,0.8727426196048185,0.04966922759773229,0.04686715137199274,0.05271411483600019,0.0,4.663341175568638,100,100,3,7,8,0.0
G,0.8481811022408425,0.8985632324672879,-0.05038213022644533,-0.05325085904035301,-0.04732299904211882,0.0,-4.566424113840492,100,100,3,8,9,0.0
G,0.8791615407646647,0.8638743882605007,0.015287152504164014,0.012301657402491803,0.01829001654827659,0.0,1.3594463637481267,100,100,3,9,10,0.0
G,0.8758570387547924,0.8521025571241266,0.023754481630665736,0.0202493130346731,0.027292082723868925,0.0,1.8748044518495357,100,100,4,1,2,0.0
G,0.886228206754204,0.8706309991459997,0.015597207608204267,0.01279233046399936,0.018348616707017516,0.0,1.467339330134834,100,100,4,2,3,0.0
G,0.8662093814729698,0.8863423193839809,-0.020132937911011117,-0.023173342614964162,-0.01739951450728937,0.0,-1.9599007246305615,100,100,4,3,4,0.0
G,0.8503295965033862,0.9051508497278843,-0.054821253224498045,-0.05713528095820822,-0.05212956891668938,0.0,-5.882096622528217,100,100,4,4,5,0.0
G,0.8502274673339868,0.9108954083493778,-0.06066794101539097,-0.06333275663805374,-0.057835774047625625,0.0,-5.8817646473476985,100,100,4,5,6,0.0
G,0.902617792328672,0.8735979220867156,0.029019870241956403,0.02622830893079217,0.031945153932155065,0.0,2.741512347232706,100,100,4,6,7,0.0
G,0.9095443885747402,0.8873888439923996,0.02215554458234059,0.019599903955736197,0.024716554586163474,0.0,2.242097480481211,100,100,4,7,8,0.0
G,0.8485464162575821,0.8893215654525494,-0.040775149194967275,-0.044149572778245015,-0.037440411620705556,0.0,-3.5655000893129842,100,100,4,8,9,0.0
G,0.8885150940413513,0.8634954381504701,0.025019655890881176,0.022112474270389888,0.02787839222982049,0.0,2.453564506272739,100,100,4,9,10,0.0
G,0.8623666801868924,0.8328931343001978,0.029473545886694597,0.026206732313879044,0.03270045567748563,0.0,2.4073038885136206,100,100,5,1,2,0.0
G,0.8807042099857142,0.8398030668421399,0.04090114314357429,0.03801423971706197,0.043481696381703704,0.0,4.085951463748983,100,100,5,2,3,0.0
G,0.858187188654192,0.8676574489426991,-0.00947026028850717,-0.012548995485216003,-0.006690528346810792,0.0,-0.8862829997297883,100,100,5,3,4,0.0
G,0.836479530096054,0.8926496241428548,-0.056170094046800734,-0.059032286178095875,-0.05348345441124036,0.0,-5.599932368967906,100,100,5,4,5,0.0
G,0.8368907974050159,0.8967176113951774,-0.05982681399016143,-0.06290244029759194,-0.056336907017976084,0.0,-4.974226636529784,100,100,5,5,6,0.0
G,0.8795663079207853,0.8597849269405242,0.019781380980261054,0.016495568505852067,0.02341364796257454,0.0,1.5058481011011806,100,100,5,6,7,0.0
G,0.8828106674443161,0.8599437251469445,0.02286694229737163,0.017981770014230965,0.02778870779895603,0.0,1.3787304349424212,100,100,5,7,8,0.0
G,0.8445223811987848,0.8199016434942918,0.024620737704492912,0.019850696076618355,0.029467432379024973,0.0,1.3214512590729912,100,100,5,8,9,0.0
G,0.8759388549975934,0.8535550916327369,0.02238376336485648,0.019063231346780306,0.0257418424473868,0.0,2.023465494595101,100,100,5,9,10,0.0
G,0.8407738038916438,0.8061615804845378,0.03461222340710601,0.02956552133829797,0.0400754696467563,0.0,1.8918566369830692,100,100,6,1,2,0.0
G,0.8661651159865515,0.8243210623264313,0.04184405366012023,0.03911066512043284,0.04447901056598096,0.0,4.331220740149597,100,100,6,2,3,0.0
G,0.8321026937365532,0.8399729290183573,-0.007870235281804083,-0.011293886443062234,-0.0038282137527234895,0.0,-0.5766789089818365,100,100,6,3,4,0.0
G,0.8118682633609998,0.8742065424881282,-0.062338279127128415,-0.0656938644202929,-0.05902341525040209,0.0,-5.095753510787306,100,100,6,4,5,0.0
G,0.8203637022470673,0.8713253777807667,-0.05096167553369935,-0.05398784774684941,-0.047770355221250685,0.0,-4.602455993395956,100,100,6,5,6,0.0
G,0.8645228895667999,0.8319056772461961,0.03261721232060377,0.028767130529620242,0.03631503305273147,0.0,2.2393900318844517,100,100,6,6,7,0.0
G,0.863284985512022,0.8577574346576416,0.005527550854380392,0.00165142760450655,0.00945691102687571,0.008,0.373253409880948,100,100,6,7,8,0.00864
G,0.8313940758974779,0.8419181860401517,-0.010524110142673737,-0.01462977465006785,-0.007091072808040546,0.0,-0.7616336048771322,100,100,6,8,9,0.0
G,0.8659315160938671,0.8238884518312085,0.04204306426265858,0.03897907813565123,0.045471317799093795,0.0,3.5612876887069005,100,100,6,9,10,0.0
G,0.8390424585380251,0.8006602580944698,0.038382200443555226,0.032503395684311605,0.04410553936027581,0.0,1.7416705391355964,100,100,7,1,2,0.0
G,0.8546159898813754,0.8074354658372818,0.047180524044093675,0.04406144578125751,0.050345959990601784,0.0,3.9689298095233556,100,100,7,2,3,0.0
G,0.8261244670729789,0.8313000905286697,-0.005175623455690781,-0.008718119215196574,-0.0014267107689783954,0.012,-0.40162047268476686,100,100,7,3,4,0.012831683168316833
G,0.8044281439733884,0.8584178394921242,-0.05398969551873589,-0.057403862772006944,-0.050651340877714286,0.0,-4.08904927329349,100,100,7,4,5,0.0
G,0.8009466354378633,0.837773109397718,-0.03682647395985472,-0.040435854559462796,-0.03292119436806876,0.0,-2.556912915036319,100,100,7,5,6,0.0
G,0.8553828155970762,0.8164704965021875,0.03891231909488868,0.03472300112638922,0.04345260037001644,0.0,2.505705654072984,100,100,7,6,7,0.0
G,0.8530702045578806,0.8444098331582925,0.008660371399588085,0.004509438830128984,0.012951744220925931,0.0,0.5521755202099388,100,100,7,7,8,0.0
G,0.793949107842313,0.8537958748600785,-0.05984676701776548,-0.0640193511962654,-0.05577964183699985,0.0,-3.9165473370698627,100,100,7,8,9,0.0
G,0.8615868842753152,0.8179506808008468,0.043636203474468394,0.03956658366039861,0.047620826472424584,0.0,2.8617505669290844,100,100,7,9,10,0.0
G,0.8047030201563758,0.8029065602085894,0.001796459947786433,-0.005543865212443357,0.009465709193322801,0.64,0.06382046219825259,100,100,8,1,2,0.645981308411215
G,0.846541293789943,0.7770575862186295,0.0694837075713135,0.06472207857958119,0.0746822624748778,0.0,4.03456037574568,100,100,8,2,3,0.0
G,0.8147085494205119,0.8056536581539919,0.009054891266519927,0.004600623760443348,0.013657339403210539,0.0,0.5287059131909262,100,100,8,3,4,0.0
G,0.7931809344892463,0.8293925836545135,-0.0362116491652672,-0.04071366883160363,-0.031852135539859154,0.0,-2.220199661465732,100,100,8,4,5,0.0
G,0.7781657273845067,0.8123783501027123,-0.034212622718205576,-0.03852460558779903,-0.029382125020843246,0.0,-2.152286218327332,100,100,8,5,6,0.0
G,0.832784782400207,0.7930524737886965,0.03973230861151056,0.034244851860676155,0.04501748167328414,0.0,2.049763480959734,100,100,8,6,7,0.0
G,0.8268518998722236,0.824592541694641,0.0022593581775826044,-0.002311956584027777,0.007514843841689643,0.37,0.1263165311334967,100,100,8,7,8,0.3769811320754717
G,0.7785214673294909,0.851895440985759,-0.07337397365626808,-0.07802130919132003,-0.06858808557088401,0.0,-4.091592192741367,100,100,8,8,9,0.0
G,0.8342773947602228,0.8306590876839464,0.003618307076276417,-0.0009444805402013673,0.008127738282025456,0.128,0.2169245303003845,100,100,8,9,10,0.13292307692307692
G,0.7986778478589324,0.7447240760018903,0.05395377185704209,0.04431443276410077,0.0641012199997782,0.0,1.4827481386787122,100,100,9,1,2,0.0
G,0.8183616636447489,0.7122228439114399,0.10613881973330908,0.10126371206105496,0.11085629185601323,0.0,6.1764869153505515,100,100,9,2,3,0.0
G,0.7802035248937116,0.7477891875557483,0.032414337337963284,0.025608032867218276,0.03832667433734212,0.0,1.3414833334182432,100,100,9,3,4,0.0
G,0.7721353251039983,0.7815474052556923,-0.009412080151694036,-0.01572995360300864,-0.003088153891513755,0.004,-0.4149770826448785,100,100,9,4,5,0.004408163265306122
G,0.7417037275759948,0.8066298695807417,-0.06492614200474689,-0.07159792116250108,-0.05757256036404364,0.0,-2.594882028730099,100,100,9,5,6,0.0
G,0.7677705791673018,0.806745220864103,-0.038974641696801204,-0.04646736731088096,-0.03159941792910299,0.0,-1.508727465844809,100,100,9,6,7,0.0
G,0.7715125016106501,0.8159396486277618,-0.0444271470171117,-0.050489471170672706,-0.03787726760842501,0.0,-1.8730678229408633,100,100,9,7,8,0.0
G,0.7166572006841502,0.8372489983552976,-0.12059179767114747,-0.12585973632885564,-0.1151598370050154,0.0,-6.124482762401574,100,100,9,8,9,0.0
G,0.8119516359823089,0.7621209685234795,0.04983066745882936,0.042466840419764375,0.05719522675616399,0.0,1.928986388173385,100,100,9,9,10,0.0
G,0.7631243881209503,0.7271072217448363,0.03601716637611396,0.024034430629334247,0.04872838249642933,0.0,0.7808028624059987,100,100,10,1,2,0.0
G,0.7433244071886653,0.6534969229156534,0.0898274842730119,0.08263460725396299,0.09736301492382869,0.0,3.360317860985756,100,100,10,2,3,0.0
G,0.7481577866976223,0.6925549544609256,0.05560283223669671,0.04512036574303715,0.06524852081157034,0.0,1.4294685245356153,100,100,10,3,4,0.0
G,0.7273592845929993,0.7570328224930499,-0.029673537900050673,-0.03734198694548424,-0.02177768168892878,0.0,-1.0906823696038852,100,100,10,4,5,0.0
G,0.7739521452548012,0.7614648698284512,0.012487275426349975,0.0006729962071610005,0.025011266715777105,0.038,0.2902096533936776,100,100,10,5,6,0.03984466019417476
G,0.7317839072919082,0.7689162655127428,-0.037132358220834605,-0.04776001357079044,-0.027004153458088154,0.0,-1.0210316305673333,100,100,10,6,7,0.0
G,0.7327790630682123,0.8183880411135773,-0.08560897804536505,-0.0955473227978105,-0.0759942655951969,0.0,-2.3096289512845622,100,100,10,7,8,0.0
G,0.68479344124548,0.7166960907247332,-0.03190264947925314,-0.042303761289073726,-0.020731722011198234,0.0,-0.7545793125329777,100,100,10,8,9,0.0
G,0.7844298068843191,0.753952030704135,0.030477776180184102,0.019585907612102348,0.04157065787799059,0.0,0.7788041643314731,100,100,10,9,10,0.0
G,0.7981403369127759,0.4205870606147698,0.37755327629800606,0.3563549158184171,0.39906007197799814,0.0,4.731359468764153,100,100,11,1,2,0.0
G,0.5829476054153508,0.4288226566304645,0.15412494878488636,0.13525886561640263,0.17339580482185066,0.0,2.2162578962362667,100,100,11,2,3,0.0
G,0.5626790046382045,0.5951335223021932,-0.03245451766398866,-0.05980576250411442,-0.006734001434178129,0.014,-0.32467829621524213,100,100,11,3,4,0.014823529411764706
G,0.5834057480661672,0.8644859808669203,-0.2810802328007531,-0.2943366886064012,-0.2664504505123044,0.0,-5.452143975522768,100,100,11,4,5,0.0
G,0.8414205779494749,0.7857815327734227,0.055639045176052226,0.046440097618847806,0.06583624288066026,0.0,1.480482231247705,100,100,11,5,6,0.0
G,0.7470554677127373,0.7793423723673062,-0.03228690465456885,-0.04759699928988176,-0.0172518043670982,0.0,-0.6075312173696948,100,100,11,6,7,0.0
G,0.7650253131422731,0.632252460818442,0.13277285232383107,0.12034878499450526,0.14409525623626365,0.0,3.1931648782232123,100,100,11,7,8,0.0
G,0.5146436786373618,0.6446018336791368,-0.129958155041775,-0.14984838678301274,-0.10922034566822639,0.0,-1.6909088122886342,100,100,11,8,9,0.0
G,0.89947898839627,0.48063357214728325,0.4188454162489868,0.3985873048098842,0.43656688645984504,0.0,5.731580871120737,100,100,11,9,10,0.0
