layer,neuron_idx,score
0,2421,-0.8520891666412354
0,2608,0.8343123197555542
0,1078,0.8067592978477478
0,2568,0.8019613027572632
0,445,0.8000264763832092
0,1472,0.7987651824951172
0,2399,0.7957183718681335
0,1043,-0.7933188676834106
0,511,0.7784481644630432
0,43,-0.776623010635376
0,371,0.7724629640579224
0,1036,-0.7701027393341064
0,584,0.7643493413925171
0,208,-0.7610985040664673
0,2110,-0.7601073384284973
0,2510,0.7600079774856567
0,1026,0.7559915781021118
0,2428,0.7523977756500244
0,797,0.7510908842086792
0,1609,0.7504286170005798
0,2833,0.7501295804977417
0,2454,0.7499095797538757
0,907,0.7497912049293518
0,1527,0.7490333318710327
0,187,0.7474685311317444
0,2888,-0.7471475601196289
0,2432,-0.7453150153160095
0,2457,0.7448635101318359
0,321,0.7413724064826965
0,539,-0.7384680509567261
0,74,-0.7371984124183655
0,2062,0.7353004813194275
0,2009,0.7352094650268555
0,2205,0.7329670786857605
0,555,0.7327189445495605
0,1948,-0.7323114275932312
0,1484,0.7322791218757629
0,331,0.7314894795417786
0,559,0.7293280363082886
0,72,0.7288840413093567
0,1300,0.7286673188209534
0,1177,-0.7255390882492065
0,1950,0.7214243412017822
0,1454,-0.7211707234382629
0,2095,0.7177329659461975
0,1703,0.7162206768989563
0,2446,-0.7154532670974731
0,763,0.7152853608131409
0,1227,-0.7137994766235352
0,1863,0.7124761343002319
1,1786,0.8938707709312439
1,2566,0.8762520551681519
1,536,0.8610324263572693
1,2327,0.8434641361236572
1,2257,-0.8357377648353577
1,1216,0.833281934261322
1,844,0.8234806656837463
1,1674,0.8215115070343018
1,2561,0.8204066157341003
1,283,0.8116577863693237
1,2116,-0.8086960911750793
1,689,0.8068418502807617
1,70,0.8037035465240479
1,2364,0.8026811480522156
1,852,-0.8000942468643188
1,649,-0.7972504496574402
1,1754,-0.7889816164970398
1,2778,0.7858794927597046
1,1980,-0.7851219177246094
1,777,0.7838314771652222
1,930,0.7830521464347839
1,557,-0.7817560434341431
1,2343,0.7760618925094604
1,1255,0.7757055759429932
1,1929,0.7754209041595459
1,328,0.774864912033081
1,1202,-0.7743059396743774
1,1249,0.7741358280181885
1,1871,0.7707023620605469
1,706,-0.7696470618247986
1,717,0.7695678472518921
1,660,-0.7652969360351562
1,2439,0.7636682987213135
1,1442,0.7627221345901489
1,2175,-0.7606276273727417
1,2187,-0.7574355006217957
1,1818,-0.7573058605194092
1,998,0.7552415132522583
1,1881,0.754380464553833
1,2467,0.7523583173751831
1,730,-0.7516406178474426
1,874,0.7499167919158936
1,1105,0.7475850582122803
1,1031,-0.7473532557487488
1,1629,0.7471374273300171
1,2751,0.7469310164451599
1,44,-0.7446126341819763
1,2867,-0.7426393032073975
1,2856,-0.7424707412719727
1,601,-0.7419841289520264
2,1132,0.921484112739563
2,1137,0.9024885892868042
2,116,-0.9021666049957275
2,1289,0.901447594165802
2,229,0.8984878659248352
2,2853,0.8928048014640808
2,529,-0.8834858536720276
2,2227,0.8815648555755615
2,540,-0.8736423254013062
2,1254,0.8725084066390991
2,966,0.86902916431427
2,166,-0.8689243197441101
2,399,0.8672203421592712
2,638,-0.8661774396896362
2,2535,-0.8655608892440796
2,932,0.8638935089111328
2,2955,0.8597106337547302
2,1946,-0.8587934374809265
2,1608,0.8579277992248535
2,1857,-0.8571208715438843
2,2008,-0.8532236218452454
2,2185,-0.8514959812164307
2,365,0.8514881134033203
2,77,0.8474618196487427
2,2107,-0.8405414819717407
2,1272,-0.838455855846405
2,2959,-0.8375223875045776
2,1556,-0.836982250213623
2,790,0.8343046307563782
2,2784,-0.8335086107254028
2,1019,-0.8334794640541077
2,525,-0.8332616686820984
2,698,-0.83245450258255
2,1568,0.8308401703834534
2,1546,-0.8308364152908325
2,822,-0.8299449682235718
2,2634,-0.8294692039489746
2,876,0.8290172815322876
2,2246,-0.8279353976249695
2,1409,-0.8246321678161621
2,1127,0.8244633078575134
2,1275,0.8240664005279541
2,971,0.8224350214004517
2,1436,-0.8204010725021362
2,731,-0.8195699453353882
2,916,-0.8187641501426697
2,2777,-0.818626344203949
2,548,0.8175700306892395
2,552,-0.8151958584785461
2,574,-0.8151401281356812
3,2207,0.9206996560096741
3,2878,-0.9130273461341858
3,479,0.9029870629310608
3,768,0.896876871585846
3,1002,-0.8914771676063538
3,9,0.882020890712738
3,2943,0.8801916837692261
3,2105,0.8801895976066589
3,1414,0.8765597939491272
3,2594,0.8742218017578125
3,1796,-0.8696884512901306
3,1956,0.8682845234870911
3,569,0.8673092126846313
3,2837,0.8637166023254395
3,2411,0.8630081415176392
3,1389,0.8622387051582336
3,2847,0.8617087602615356
3,2129,0.8614826202392578
3,1817,0.860199511051178
3,1374,0.855302631855011
3,1985,0.8529325723648071
3,23,0.8493855595588684
3,2292,-0.848573625087738
3,2127,-0.848168134689331
3,2310,0.8480703830718994
3,1387,0.8473695516586304
3,2973,0.8442316055297852
3,2633,-0.8409743905067444
3,2374,-0.8387870788574219
3,698,0.83800208568573
3,1162,-0.8372098803520203
3,1419,0.8361398577690125
3,821,0.8349276781082153
3,2095,0.8348885178565979
3,2993,0.8333827257156372
3,1723,0.8298994898796082
3,1640,0.829194188117981
3,2885,-0.827935516834259
3,2964,-0.8254756331443787
3,3064,0.825225830078125
3,1624,0.8245486617088318
3,634,-0.8244054913520813
3,2780,-0.8234835863113403
3,2583,0.8215996623039246
3,692,0.8215209245681763
3,1459,-0.819216251373291
3,1555,0.8187925219535828
3,1815,0.818526566028595
3,1633,-0.8183073997497559
3,87,-0.8178006410598755
4,437,-0.8961500525474548
4,1522,-0.893737256526947
4,2888,-0.8818682432174683
4,2438,-0.8791847825050354
4,2372,0.8660110235214233
4,100,-0.8575811386108398
4,2976,-0.8505843281745911
4,2144,0.8476627469062805
4,1683,0.8395524621009827
4,2603,-0.8383828997612
4,3062,-0.8367971181869507
4,2921,-0.8336978554725647
4,2972,0.8315748572349548
4,20,-0.8226415514945984
4,2605,-0.8225559592247009
4,846,-0.8188809156417847
4,366,-0.8175693154335022
4,1363,-0.8174940347671509
4,38,-0.8160573244094849
4,1996,-0.8151390552520752
4,420,0.8046905994415283
4,2894,0.800554096698761
4,1390,-0.7979676723480225
4,3009,-0.7977250218391418
4,2268,-0.7942165732383728
4,1959,-0.7918375134468079
4,3034,-0.7897056341171265
4,1104,-0.7890953421592712
4,772,-0.7885888814926147
4,1260,0.7875393629074097
4,1037,-0.7864380478858948
4,597,0.784821629524231
4,413,-0.784523069858551
4,747,0.7838360071182251
4,1984,-0.782293975353241
4,759,-0.7815495133399963
4,1870,0.7808969020843506
4,585,0.7800211310386658
4,1412,-0.7794556617736816
4,675,-0.7784828543663025
4,2777,-0.7769121527671814
4,1902,-0.7740721106529236
4,1791,0.7732308506965637
4,2858,0.7706557512283325
4,2636,-0.7705934047698975
4,1170,-0.7687093615531921
4,2870,0.7670097947120667
4,2509,-0.7662204504013062
4,2236,0.7656821012496948
4,1582,-0.7643583416938782
5,1589,-0.8913440108299255
5,1048,-0.8544554710388184
5,439,-0.8541887998580933
5,872,-0.8491814136505127
5,1579,-0.8448774814605713
5,2696,-0.8375297784805298
5,2615,-0.8326410055160522
5,2683,0.8296111226081848
5,489,-0.8262022137641907
5,2575,-0.8201259970664978
5,1926,-0.8087993860244751
5,291,-0.8052129745483398
5,2226,-0.8030480146408081
5,1844,-0.799919843673706
5,2171,-0.7991614937782288
5,1992,-0.7989711761474609
5,1956,-0.7855316996574402
5,813,-0.7844723463058472
5,2022,-0.7843126654624939
5,3064,-0.7842828631401062
5,774,-0.7771919369697571
5,3026,-0.7727737426757812
5,2766,-0.7725902199745178
5,524,-0.771465003490448
5,2603,-0.7703074216842651
5,1890,-0.7652387619018555
5,125,0.7645179629325867
5,2345,0.7639238834381104
5,1172,0.763123095035553
5,1113,0.7620227932929993
5,1080,-0.7615936398506165
5,820,-0.7600848078727722
5,1518,-0.7568843960762024
5,2241,-0.756208062171936
5,984,-0.7557598948478699
5,664,-0.754885733127594
5,1552,-0.7534591555595398
5,1546,-0.7507633566856384
5,598,-0.7472903728485107
5,666,-0.7460915446281433
5,2661,0.7449559569358826
5,107,0.7427679896354675
5,27,-0.741507887840271
5,2099,-0.7377074956893921
5,2755,0.7354527115821838
5,1236,-0.7322161793708801
5,582,-0.7262997627258301
5,2214,-0.725860059261322
5,231,-0.7251865863800049
5,2269,-0.724707305431366
6,316,-0.8348324298858643
6,1853,-0.8317966461181641
6,1660,-0.8292815089225769
6,897,-0.8171427845954895
6,1883,0.8137416243553162
6,2505,-0.796125054359436
6,2331,-0.7889060378074646
6,293,-0.7823029160499573
6,751,-0.7816182374954224
6,2065,0.7789056897163391
6,1127,-0.7708690762519836
6,2119,0.7642228603363037
6,1713,-0.7640376091003418
6,1599,-0.761778712272644
6,2329,-0.7559487819671631
6,1977,0.7552422285079956
6,2646,0.7529987692832947
6,2451,0.7515601515769958
6,2575,0.7469326853752136
6,815,0.7461829781532288
6,2746,-0.7452065348625183
6,1855,-0.7400209307670593
6,2298,-0.7389180064201355
6,1297,-0.7371662855148315
6,3002,-0.7370744943618774
6,1587,-0.7362112998962402
6,113,-0.7347254753112793
6,945,-0.732482373714447
6,1079,-0.7324476838111877
6,22,-0.7300644516944885
6,1909,-0.7292519807815552
6,693,0.726159930229187
6,342,-0.7229641675949097
6,1009,-0.7228952050209045
6,2372,-0.721727192401886
6,2517,-0.7189290523529053
6,3026,-0.7184633612632751
6,1548,0.7184560894966125
6,24,-0.7166462540626526
6,1136,-0.7156193256378174
6,2972,0.7142156958580017
6,2739,0.7111963033676147
6,1118,-0.7105505466461182
6,2657,-0.7093104720115662
6,477,-0.7043318748474121
6,160,0.6999319195747375
6,1498,-0.6992262601852417
6,1391,-0.6975224018096924
6,1015,-0.6968001127243042
6,1823,0.6935833692550659
7,3047,-0.8482163548469543
7,2543,0.8395811319351196
7,880,0.8347485065460205
7,1256,-0.8026275634765625
7,557,-0.7792075872421265
7,541,0.7775735855102539
7,2094,0.7681393623352051
7,1163,-0.7655541896820068
7,677,-0.7631800770759583
7,154,-0.7622474431991577
7,2084,-0.7619636654853821
7,359,-0.7603293657302856
7,609,-0.7572454214096069
7,1207,-0.7562720775604248
7,2444,-0.7545550465583801
7,101,0.7516993284225464
7,304,-0.7504469752311707
7,2909,0.7492281794548035
7,639,0.7483631372451782
7,2487,0.7460658550262451
7,2336,-0.745651364326477
7,678,-0.744152307510376
7,1364,-0.7416956424713135
7,1812,-0.7407950758934021
7,1162,0.737888514995575
7,890,0.7375305891036987
7,2489,0.737358033657074
7,509,-0.73702472448349
7,2755,-0.7341051697731018
7,1994,-0.7331550121307373
7,344,-0.7290700078010559
7,1584,0.7283223271369934
7,1755,0.7264748811721802
7,2039,0.7263430953025818
7,2609,0.7252405285835266
7,635,0.7231855392456055
7,10,-0.7206007838249207
7,613,-0.7204404473304749
7,224,0.7152934670448303
7,411,-0.7134492993354797
7,441,0.7115412950515747
7,82,-0.711037814617157
7,1319,-0.7108674049377441
7,2372,-0.7096532583236694
7,2751,-0.709041178226471
7,2719,-0.7082213163375854
7,73,-0.7048853039741516
7,2272,-0.7038490176200867
7,1706,0.7009560465812683
7,796,0.6999754905700684
8,41,-0.8600351214408875
8,1093,0.8517265319824219
8,1313,0.8316823840141296
8,2040,-0.8158576488494873
8,337,-0.812140703201294
8,2517,0.8028563261032104
8,733,-0.8017816543579102
8,1611,0.7990734577178955
8,1930,0.7974421381950378
8,2131,-0.7941548228263855
8,2483,-0.789516031742096
8,2340,0.7891374826431274
8,744,0.7880587577819824
8,450,0.780868649482727
8,3032,-0.7779086232185364
8,1243,-0.7737219333648682
8,406,-0.7694383859634399
8,1818,0.7673021554946899
8,2749,0.7587441802024841
8,138,0.7582874298095703
8,2800,-0.75731360912323
8,1884,0.7571354508399963
8,2077,-0.7547444105148315
8,1504,0.7517855763435364
8,1078,-0.7506812810897827
8,2212,-0.7441617846488953
8,2472,-0.7428812384605408
8,2329,-0.7396855354309082
8,254,-0.737639307975769
8,2687,0.7375413775444031
8,135,0.7368539571762085
8,610,-0.7364472150802612
8,2330,0.7361094355583191
8,2006,-0.7308259606361389
8,2743,-0.729889988899231
8,1691,0.7284501791000366
8,1075,0.7270500659942627
8,2951,0.7232773900032043
8,295,-0.7226518988609314
8,2238,-0.7218388915061951
8,777,0.7203599810600281
8,2199,-0.7202440500259399
8,323,0.7190515398979187
8,1290,0.7185176014900208
8,2888,0.7181694507598877
8,2278,-0.717576265335083
8,2639,-0.717378556728363
8,2345,0.7164868712425232
8,836,0.7143514752388
8,2652,-0.7141309380531311
9,6,0.8880131244659424
9,755,-0.8337350487709045
9,1169,0.8330987691879272
9,2937,-0.8243814706802368
9,2936,0.812720537185669
9,588,-0.8113997578620911
9,57,0.8058034181594849
9,2489,0.8033338785171509
9,413,-0.7998582720756531
9,1980,0.7981363534927368
9,2811,0.7976012825965881
9,541,-0.7890869975090027
9,186,-0.7878143787384033
9,2708,0.7862674593925476
9,1100,0.7861526012420654
9,2744,0.7838526368141174
9,1504,-0.7822621464729309
9,2019,0.7805895209312439
9,316,0.7803239226341248
9,2241,-0.7755729556083679
9,1724,0.773239016532898
9,1320,-0.7717440724372864
9,2116,-0.7682608366012573
9,2411,-0.7680363655090332
9,2697,-0.7676597237586975
9,487,-0.7669887542724609
9,1457,0.7658823728561401
9,2194,-0.7657082676887512
9,22,0.7647006511688232
9,2891,0.7643905282020569
9,1118,-0.7634328603744507
9,434,0.760735034942627
9,598,0.7595581412315369
9,537,0.7593561410903931
9,1517,0.7585192322731018
9,990,0.758446455001831
9,1359,-0.7580003142356873
9,784,-0.7573294639587402
9,2558,-0.7563201189041138
9,1872,0.7558103203773499
9,272,0.7543069124221802
9,134,-0.7512518763542175
9,9,-0.7509885430335999
9,986,0.7503934502601624
9,264,0.7501528263092041
9,2760,-0.7494950890541077
9,143,0.7486760020256042
9,1187,0.7451620697975159
9,1603,-0.7401838302612305
9,858,-0.7399707436561584
10,2614,-0.8530042767524719
10,313,0.8434782028198242
10,3051,0.8381922841072083
10,2638,0.8307670950889587
10,2011,0.8244392275810242
10,3058,-0.820093035697937
10,1557,0.8006060123443604
10,1972,0.7947664856910706
10,212,0.7918171882629395
10,334,0.7730419635772705
10,251,-0.7728176116943359
10,2643,-0.7721772193908691
10,401,0.7715514302253723
10,611,0.766078770160675
10,1352,0.764574408531189
10,2074,-0.7619431614875793
10,155,0.7566500902175903
10,2633,0.755703330039978
10,1883,0.7519936561584473
10,1116,0.7493919730186462
10,535,0.7482841610908508
10,2927,0.7468812465667725
10,1366,-0.744600772857666
10,2579,0.7443249225616455
10,2494,0.7428816556930542
10,2054,0.7410589456558228
10,1098,-0.7387667298316956
10,2270,-0.7365724444389343
10,2330,-0.7365577220916748
10,2663,-0.7350925207138062
10,2265,-0.7324254512786865
10,1278,0.7305873036384583
10,1815,-0.7301081418991089
10,1023,-0.7291423678398132
10,2382,0.7284108400344849
10,2770,0.7273550629615784
10,1870,0.7270647883415222
10,620,0.7268397808074951
10,2328,0.7261179089546204
10,1139,-0.7257084846496582
10,222,-0.7230536937713623
10,1249,0.7193216681480408
10,1843,-0.7192461490631104
10,1365,0.7164860963821411
10,1966,0.7164714932441711
10,782,0.7143535614013672
10,869,-0.7134431004524231
10,255,0.712867259979248
10,1956,0.7107926607131958
10,187,-0.7106197476387024
