metric,mean_sent,mean_null,diff_mean,diff_ci_low,diff_ci_high,p_two_sided,cohens_d,n_sent,n_null,layer
total_components,90.0,90.0,0.0,0.0,0.0,2.0,,100,100,0
total_components,90.0,90.0,0.0,0.0,0.0,2.0,,100,100,1
total_components,90.0,90.0,0.0,0.0,0.0,2.0,,100,100,2
total_components,90.0,90.0,0.0,0.0,0.0,2.0,,100,100,3
total_components,90.0,90.0,0.0,0.0,0.0,2.0,,100,100,4
total_components,90.0,90.0,0.0,0.0,0.0,2.0,,100,100,5
total_components,90.0,90.0,0.0,0.0,0.0,2.0,,100,100,6
total_components,90.0,90.0,0.0,0.0,0.0,2.0,,100,100,7
total_components,90.0,90.0,0.0,0.0,0.0,2.0,,100,100,8
total_components,90.0,90.0,0.0,0.0,0.0,2.0,,100,100,9
total_components,90.0,90.0,0.0,0.0,0.0,2.0,,100,100,10
total_components,90.0,90.0,0.0,0.0,0.0,2.0,,100,100,11
pc1,0.3197140371799469,0.2655078712105751,0.05420616596937178,0.05385863725841043,0.054563389666378505,0.0,43.214632247646655,100,100,0
pc1,0.3619324719905853,0.2570261740684509,0.1049062979221344,0.10454784876853225,0.10529188178479672,0.0,74.19157120940486,100,100,1
pc1,0.3723167210817337,0.25933841794729234,0.11297830313444135,0.11229253622889517,0.11360676389187573,0.0,50.626737639683284,100,100,2
pc1,0.34826264411211016,0.25618893921375274,0.09207370489835742,0.09148809380084277,0.0926983425244689,0.0,41.329958276407496,100,100,3
pc1,0.32611423343420026,0.2666729989647865,0.05944123446941374,0.05886304052919146,0.06002961988747117,0.0,27.70662130636828,100,100,4
pc1,0.31907870769500735,0.2661013647913933,0.052977342903614055,0.0521736493781209,0.053773350521922114,0.0,18.31694216584476,100,100,5
pc1,0.31746997267007826,0.2686848723888397,0.04878510028123856,0.04797922048717736,0.049631698928773414,0.0,16.331090962205803,100,100,6
pc1,0.2998186331987381,0.2663801571726799,0.033438476026058206,0.032455021806061295,0.0344037740007043,0.0,9.41251968140207,100,100,7
pc1,0.2756026995182037,0.2712523365020752,0.004350363016128511,0.0032577877193689124,0.005430134914815405,0.0,1.1328946598163427,100,100,8
pc1,0.2751877999305725,0.28763145238161086,-0.012443652451038345,-0.01423786535114046,-0.010836595021188238,0.0,-1.9755542194035138,100,100,9
pc1,0.2773598322272301,0.3421801367402077,-0.0648203045129776,-0.06797105712443594,-0.06177818695455788,0.0,-5.554412598125907,100,100,10
pc1,0.3250111922621727,0.4271365875005722,-0.10212539523839953,-0.10854044240713118,-0.09536378247290847,0.0,-4.22105617252397,100,100,11
pc2,0.18713012516498564,0.21650251522660255,-0.029372390061616904,-0.029620007511228313,-0.029124342441558836,0.0,-33.43824539592907,100,100,0
pc2,0.18310501098632812,0.2212355089187622,-0.03813049793243409,-0.038450216807425,-0.03778493177518249,0.0,-32.087899107704956,100,100,1
pc2,0.1885685533285141,0.2235821683704853,-0.0350136150419712,-0.03539627592638134,-0.034609249863773596,0.0,-24.134710430831174,100,100,2
pc2,0.2003610260784626,0.2154197897017002,-0.015058763623237603,-0.015557744309306142,-0.014543070908635852,0.0,-7.969119096986551,100,100,3
pc2,0.20475905820727347,0.21861900970339776,-0.01385995149612429,-0.014525060813873999,-0.013208229042589673,0.0,-5.626896572221407,100,100,4
pc2,0.20964151725172997,0.22562264159321785,-0.01598112434148788,-0.016801837515085925,-0.015164635557681334,0.0,-5.472521759865278,100,100,5
pc2,0.21021553233265877,0.22367195382714272,-0.01345642149448395,-0.014346833460032949,-0.012594142004847512,0.0,-4.268372653499979,100,100,6
pc2,0.2180119825899601,0.20761897593736647,0.010393006652593628,0.009462898861616855,0.011295437704771758,0.0,3.1882463405785373,100,100,7
pc2,0.22558092698454857,0.2014017690718174,0.024179157912731175,0.023130331989377743,0.025287787269800893,0.0,5.958328424542256,100,100,8
pc2,0.22344328984618186,0.18998098134994507,0.0334623084962368,0.03208000614121554,0.03480386829376221,0.0,6.539036370171363,100,100,9
pc2,0.20969362318515777,0.16470312342047688,0.04499049976468089,0.043522829171270164,0.04632305542752146,0.0,8.742574445549565,100,100,10
pc2,0.17821898758411409,0.13794704049825668,0.04027194708585741,0.038791424475610264,0.04174098473787311,0.0,7.6023678447498675,100,100,11
pc3,0.14084607169032093,0.19023441389203072,-0.04938834220170979,-0.0495890151448548,-0.049189353294670626,0.0,-72.77534741039184,100,100,0
pc3,0.13017882093787192,0.1905415551364422,-0.06036273419857027,-0.060647087961435336,-0.06006204938888553,0.0,-56.440516793132794,100,100,1
pc3,0.12738535374402998,0.18301549687981605,-0.05563014313578607,-0.05587415697425603,-0.0553827540688217,0.0,-60.023750812275566,100,100,2
pc3,0.12650934927165505,0.17876822054386138,-0.052258871272206325,-0.05257832434773448,-0.051949286671355406,0.0,-44.57076948127196,100,100,3
pc3,0.12891585081815715,0.16665763691067695,-0.0377417860925198,-0.03820592344924811,-0.03732281341403719,0.0,-24.044356842040052,100,100,4
pc3,0.12756209455430506,0.16308655858039853,-0.035524464026093466,-0.03607714310660957,-0.034987384235486356,0.0,-18.69929323545512,100,100,5
pc3,0.12677790664136407,0.16555964112281799,-0.03878173448145392,-0.03947297221980993,-0.038034675562754305,0.0,-15.277603562649427,100,100,6
pc3,0.13099839121103282,0.17135505348443986,-0.040356662273407035,-0.04100614788010719,-0.03974142291769387,0.0,-17.465161413919116,100,100,7
pc3,0.12671949781477448,0.17182530522346495,-0.04510580740869047,-0.04579671046510341,-0.04442841035127641,0.0,-18.806137800155604,100,100,8
pc3,0.12399837382137772,0.1622826217114925,-0.03828424789011477,-0.03882315369136631,-0.03772589956969024,0.0,-18.494971534972503,100,100,9
pc3,0.1211696598678827,0.15001649782061574,-0.028846837952733045,-0.02963386360369623,-0.02798366324231027,0.0,-9.96160247967259,100,100,10
pc3,0.11197520531713959,0.12190763197839256,-0.009932426661252977,-0.011412805667147035,-0.008489335829392066,0.0,-1.8825962978666697,100,100,11
pc4,0.11909971714019772,0.11981314182281491,-0.0007134246826171892,-0.0008861044924706265,-0.0005600695591419936,0.0,-1.2711600036502664,100,100,0
pc4,0.11871759392321106,0.12190818682312962,-0.0031905928999185623,-0.003319778807461261,-0.003055097209289678,0.0,-6.422683916755562,100,100,1
pc4,0.1121747431159019,0.11376474641263482,-0.0015900032967329086,-0.001792104575783006,-0.001397129159420727,0.0,-2.282453739917097,100,100,2
pc4,0.1123964916169643,0.11568988300859924,-0.0032933913916349394,-0.00356074665300547,-0.0030152018126100247,0.0,-3.3148401780437977,100,100,3
pc4,0.11635189257562156,0.1116028708964586,0.004749021679162968,0.004395001867786042,0.005087821796536433,0.0,3.7777896605552734,100,100,4
pc4,0.11326569028198716,0.10964590616524215,0.0036197841167450034,0.003239221362397069,0.0040227586124092305,0.0,2.5206504771962317,100,100,5
pc4,0.11062278836965557,0.10654069110751148,0.004082097262144091,0.003593372596427809,0.0045576047804206515,0.0,2.33030199524935,100,100,6
pc4,0.10784584455192085,0.11079769231379029,-0.002951847761869436,-0.0035417359042912732,-0.0023543648552149616,0.0,-1.3985042618721932,100,100,7
pc4,0.1085993660241365,0.10621414758265015,0.002385218441486356,0.0017055757325142573,0.003031481580808747,0.0,0.9490838342878505,100,100,8
pc4,0.10254328630864616,0.09811800502240654,0.0044252812862396185,0.0036296921316534203,0.005179742285981778,0.0,1.577341324490256,100,100,9
pc4,0.09480904102325435,0.09309897579252717,0.001710065230727184,0.000962579295039177,0.00241568426974118,0.0,0.6419762505878207,100,100,10
pc4,0.08152600251138206,0.07453861676156517,0.006987385749816888,0.00575716295652093,0.008190507369115974,0.0,1.5483097124257383,100,100,11
pc5,0.08189251691102978,0.08988111145794388,-0.007988594546914099,-0.008077504307031634,-0.007907089617103333,0.0,-25.47481710233247,100,100,0
pc5,0.07279577091336246,0.08945758275687692,-0.01666181184351445,-0.016784407922998065,-0.01653892768360674,0.0,-39.37033242794593,100,100,1
pc5,0.06420683860778804,0.08986336931586263,-0.025656530708074582,-0.02580436022393405,-0.025526367504149678,0.0,-47.4644243430119,100,100,2
pc5,0.06383941188454623,0.09080792777240272,-0.026968515887856495,-0.027167322954162982,-0.026778016500175014,0.0,-37.41359958644184,100,100,3
pc5,0.06344180151820178,0.08518373511731621,-0.02174193359911443,-0.021984253492206354,-0.021494423416443184,0.0,-23.85963188810834,100,100,4
pc5,0.06332075938582417,0.0862702981382608,-0.022949538752436632,-0.023220218805596236,-0.02268007230386138,0.0,-23.249936787507597,100,100,5
pc5,0.06353336833417413,0.08587782107293598,-0.022344452738761858,-0.02259114442300051,-0.02209485360793771,0.0,-25.380081422357776,100,100,6
pc5,0.06348615817725654,0.08387533567845817,-0.02038917750120163,-0.02067110350541771,-0.02009011322632433,0.0,-18.901483104087134,100,100,7
pc5,0.06371484961360689,0.08492328383028504,-0.021208434216678146,-0.02155385887250303,-0.020871900248341273,0.0,-16.424226103634698,100,100,8
pc5,0.06154947116971011,0.08645440563559528,-0.024904934465885174,-0.02528651700634512,-0.024548587197437896,0.0,-18.212903612258895,100,100,9
pc5,0.06566148880869145,0.07540199391543861,-0.009740505106747163,-0.010396624459885056,-0.009139506165869537,0.0,-4.182403190557339,100,100,10
pc5,0.06134113807231183,0.06652616538107392,-0.005185027308762094,-0.006087227944284695,-0.00423132033459844,0.0,-1.575902544491778,100,100,11
pc6,0.06793647967278954,0.059880270734429315,0.008056208938360225,0.00797153195179999,0.008139574646018461,0.0,26.766863194454107,100,100,0
pc6,0.057209515310823876,0.05879367057234045,-0.001584155261516576,-0.001669438560493289,-0.001491541462950406,0.0,-5.255214708814058,100,100,1
pc6,0.051146235764026604,0.061714228540658896,-0.010567992776632291,-0.010700745875947154,-0.010432132728397837,0.0,-21.526025472469673,100,100,2
pc6,0.05146536197513338,0.06611292004585262,-0.014647558070719241,-0.014808302610181274,-0.014480381078086796,0.0,-23.994557127775543,100,100,3
pc6,0.05236543875187631,0.06523503683507438,-0.01286959808319807,-0.013014533026143913,-0.01272381799202413,0.0,-24.340239178232398,100,100,4
pc6,0.05176989343017336,0.06309773042798039,-0.011327836997807032,-0.011514997411519283,-0.011151312673464413,0.0,-17.118605176955054,100,100,5
pc6,0.0493149726837873,0.06016445487737651,-0.010849482193589208,-0.011041237786412238,-0.010659628771245482,0.0,-16.062086721824528,100,100,6
pc6,0.04897374138236042,0.05938118159770962,-0.0104074402153492,-0.01061304902657867,-0.010189024011604505,0.0,-13.106200443294012,100,100,7
pc6,0.054923828095197635,0.05628657527267929,-0.0013627471774816519,-0.001658472453244034,-0.0010772994495928333,0.0,-1.3007068688556738,100,100,8
pc6,0.05545233540236945,0.054972297996282525,0.00048003740608692363,9.969083592294443e-05,0.0008869066201150442,0.014,0.31432142652723566,100,100,9
pc6,0.051933126077055886,0.04907732423394915,0.0028558018431067353,0.0022045208122581056,0.0034756330875679877,0.0,1.213502201639766,100,100,10
pc6,0.04438283748924729,0.04170926932245488,0.0026735681667924074,0.0018450781414285286,0.00353297837637364,0.0,0.9129001560910391,100,100,11
pc7,0.040556193403899626,0.030274981725960916,0.01028121167793871,0.010235197038389736,0.010325088312849399,0.0,63.69690625612783,100,100,0
pc7,0.036199424825608686,0.03182000819593664,0.004379416629672048,0.004304012210108353,0.004463320105802276,0.0,14.928201214593672,100,100,1
pc7,0.033567125052213626,0.031548103168606706,0.0020190218836069196,0.0019283753600902941,0.0021087102447636466,0.0,6.209979180748646,100,100,2
pc7,0.033265143930911976,0.031063296105712603,0.002201847825199374,0.0020888589601963806,0.002306608146522197,0.0,5.39863087649713,100,100,3
pc7,0.0343997004628181,0.031691588759422254,0.0027081117033958477,0.0025693035959266216,0.002854587557725614,0.0,5.370750056430792,100,100,4
pc7,0.03779759675264354,0.027700535040348716,0.010097061712294825,0.009915657505393027,0.010257708995603021,0.0,15.376018196058327,100,100,5
pc7,0.0393102995678782,0.025118428505957083,0.01419187106192112,0.01398108427785338,0.014389449526090177,0.0,19.176156856674012,100,100,6
pc7,0.038847142867743926,0.02592059837654229,0.012926544491201637,0.012719975852407498,0.01312172214593738,0.0,18.260148156839758,100,100,7
pc7,0.03971220754086967,0.02501098202541466,0.014701225515455007,0.014528534063138074,0.014874261896591636,0.0,22.194499767426244,100,100,8
pc7,0.03918887909501786,0.025591556634753893,0.013597322460263964,0.013362356065306811,0.01381990008847789,0.0,16.553151979085733,100,100,9
pc7,0.0381673530861735,0.02248874939978118,0.01567860368639232,0.0153937758691609,0.01594553578086199,0.0,15.746859226802407,100,100,10
pc7,0.03822158945724364,0.029028276093304113,0.009193313363939526,0.008194313621148466,0.01018413574201987,0.0,2.6829954882470837,100,100,11
pc8,0.03399140957742925,0.019369532261043737,0.014621877316385513,0.014594425109680745,0.014648269944824285,0.0,143.79266364361894,100,100,0
pc8,0.030367208365350916,0.019046214297413776,0.01132099406793714,0.011287791617214675,0.011353979255538445,0.0,94.80724200174734,100,100,1
pc8,0.031226929966360287,0.01859819263219829,0.012628737334161998,0.012587116492446511,0.012674064991064363,0.0,81.45038773231066,100,100,2
pc8,0.031153953261673407,0.01833175078034396,0.012822202481329446,0.012758863353170464,0.012882267552427957,0.0,58.4378054921579,100,100,3
pc8,0.03242784671485419,0.017382092475891064,0.015045754238963129,0.014951843373011796,0.01513804654218257,0.0,42.666550819321536,100,100,4
pc8,0.02998572394251819,0.01688560424372549,0.013100119698792701,0.013004108908120544,0.013193453918676826,0.0,38.62077047694717,100,100,5
pc8,0.029008539319038348,0.01563717634417112,0.013371362974867226,0.013264837626833458,0.013489696504082532,0.0,34.035536434278576,100,100,6
pc8,0.027369311023503488,0.015122919958084777,0.012246391065418711,0.012116849488811563,0.012370860072085621,0.0,26.214113239774587,100,100,7
pc8,0.02644684704020615,0.014532594112679313,0.011914252927526837,0.011733902008505529,0.01209569781925529,0.0,17.653978698132075,100,100,8
pc8,0.025072628837078767,0.015262477966025425,0.009810150871053342,0.009473984170705075,0.01013433017022908,0.0,8.048553049384271,100,100,9
pc8,0.025067198425531338,0.015689196400344323,0.009378002025187016,0.008837132978951551,0.009851019184803592,0.0,5.084368129587492,100,100,10
pc8,0.03111592279747124,0.015033436287194437,0.0160824865102768,0.015575091663980875,0.016634824087843305,0.0,8.420289647463202,100,100,11
pc9,0.001237788713769935,0.001053011640324209,0.00018477707344572596,0.0001132712847029297,0.0002569336298620329,0.0,0.709712392260677,100,100,0
pc9,0.0014153942599659278,0.0012894754385342339,0.00012591882143169397,1.9967982254446556e-05,0.0002285699264321058,0.022,0.3399374842217924,100,100,1
pc9,0.0031846843915990975,0.002360109077999315,0.0008245753135997826,0.0005854280905914474,0.001044955884688536,0.0,1.004265901177511,100,100,2
pc9,0.005864250869490154,0.003581033003283615,0.002283217866206539,0.0018419162622303647,0.0027407758322660785,0.0,1.3945750561800248,100,100,3
pc9,0.006512515489011953,0.0047685197298414535,0.0017439957591704998,0.0012163654530304522,0.0022760329176089752,0.0,0.9277599741523874,100,100,4
pc9,0.006885593177284993,0.005072088548913548,0.0018135046283714448,0.0013434976353892169,0.0022794495675479928,0.0,1.072786609450911,100,100,5
pc9,0.007544694300740907,0.006038549731019832,0.001506144569721075,0.0010816387177328625,0.0019325464923749716,0.0,1.0093886045548328,100,100,6
pc9,0.008561217784881543,0.007810125821270001,0.0007510919636115419,0.0003069973910460269,0.0012256125229178007,0.0,0.44582678023896544,100,100,7
pc9,0.010469352626241695,0.008843915676698035,0.00162543694954366,0.0011028915393399132,0.0020739551817532662,0.0,0.9315325988689565,100,100,8
pc9,0.01274519228376444,0.010597917879931584,0.0021472744038328554,0.0016362998287659152,0.002657250555697829,0.0,1.146686509949957,100,100,9
pc9,0.016692733606323555,0.011624676468782076,0.005068057137541479,0.004450986174633736,0.005664919594069948,0.0,2.326583666317464,100,100,10
pc9,0.020141248181462238,0.01088632042054082,0.009254927760921417,0.008299578913953146,0.010207009237143209,0.0,2.743046721277918,100,100,11
pc10,0.0008591678616357439,0.000798603860894171,6.056400074157286e-05,2.4717329972185014e-05,0.00010016258001268824,0.004,0.43731886480364807,100,100,0
pc10,0.0009322375454939411,0.0010524450079537442,-0.00012020746245980309,-0.00019259325346502194,-5.332743357575961e-05,0.0,-0.48410910974070165,100,100,1
pc10,0.002108830440556577,0.002014254708774336,9.457573178224066e-05,-5.327815556666342e-05,0.00025342484566499433,0.184,0.17363784639390925,100,100,2
pc10,0.003646876958664455,0.002877854397520373,0.000769022561144082,0.0005360320009640387,0.0010045593527320336,0.0,0.9525960936051703,100,100,3
pc10,0.004132873304188197,0.0039138153824023435,0.0002190579217858533,-4.0140391734906115e-05,0.0005089119702461106,0.112,0.2170837797737651,100,100,4
pc10,0.004696112519595719,0.004427397998515469,0.00026871452108025076,-2.678346313769331e-05,0.0005706402946379869,0.064,0.23803110908335012,100,100,5
pc10,0.005188037245534313,0.005075197322294061,0.0001128399232402516,-0.00019816005398751196,0.0004364658423001028,0.55,0.09734262687590733,100,100,6
pc10,0.006153396861627652,0.006171193891204844,-1.7797029577191342e-05,-0.00032908780756406465,0.00031206993712112657,0.918,-0.014885558006178379,100,100,7
pc10,0.007508670655079136,0.006980695086531291,0.0005279755685478451,0.00014741678314749186,0.0009037067242898104,0.008,0.37562453059255385,100,100,8
pc10,0.009410960813984232,0.00838219040073449,0.0010287704132497417,0.0005419864050345591,0.0015016074087470803,0.0,0.5814267992603681,100,100,9
pc10,0.012636162228882261,0.009284877488389562,0.0033512847404926997,0.002585006460431034,0.004081137132016005,0.0,1.3128983830182122,100,100,10
pc10,0.015776042919605923,0.00907741358969356,0.006698629329912362,0.005751321486546652,0.007649506252375429,0.0,2.038923100276037,100,100,11
k80,5.0,5.0,0.0,0.0,0.0,2.0,,100,100,0
k80,5.0,5.0,0.0,0.0,0.0,2.0,,100,100,1
k80,4.47,5.0,-0.5300000000000002,-0.6200000000000001,-0.4299999999999997,0.0,-1.494244276364079,100,100,2
k80,4.99,5.0,-0.009999999999999787,-0.03000000000000025,0.0,0.754,-0.14142135623730648,100,100,3
k80,5.0,5.0,0.0,0.0,0.0,2.0,,100,100,4
k80,5.0,5.0,0.0,0.0,0.0,2.0,,100,100,5
k80,5.0,5.0,0.0,0.0,0.0,2.0,,100,100,6
k80,5.0,5.0,0.0,0.0,0.0,2.0,,100,100,7
k80,5.53,5.0,0.5300000000000002,0.4299999999999997,0.6299999999999999,0.0,1.4942442763640789,100,100,8
k80,5.87,5.0,0.8700000000000001,0.7999999999999998,0.9299999999999997,0.0,3.6401606050790174,100,100,9
k80,6.03,5.0,1.0300000000000002,0.9800000000000004,1.08,0.0,5.513543383048541,100,100,10
k80,6.45,5.02,1.4300000000000006,1.3000000000000007,1.54,0.0,3.3210578472430154,100,100,11
k85,5.9,5.0,0.9000000000000004,0.8397499999999999,0.96,0.0,4.221374183841088,100,100,0
k85,5.0,5.0,0.0,0.0,0.0,2.0,,100,100,1
k85,5.0,5.0,0.0,0.0,0.0,2.0,,100,100,2
k85,5.39,5.01,0.3799999999999999,0.29000000000000004,0.47000000000000064,0.0,1.0741515036457858,100,100,3
k85,5.96,5.62,0.33999999999999986,0.2400000000000002,0.44025000000000014,0.0,0.9139790283335695,100,100,4
k85,6.0,5.5,0.5,0.40000000000000036,0.5899999999999999,0.0,1.407124727947029,100,100,5
k85,6.0,5.54,0.45999999999999996,0.3600000000000003,0.5502499999999996,0.0,1.298717315918544,100,100,6
k85,6.0,5.93,0.07000000000000028,0.03000000000000025,0.1200000000000001,0.002,0.386046963547853,100,100,7
k85,6.32,5.96,0.3600000000000003,0.2599999999999998,0.45999999999999996,0.0,1.0011867957579152,100,100,8
k85,6.78,5.99,0.79,0.7000000000000002,0.8700000000000001,0.0,2.609284123349474,100,100,9
k85,7.3,5.98,1.3199999999999994,1.2199999999999998,1.42,0.0,3.5772276784545696,100,100,10
k85,7.73,5.99,1.7400000000000002,1.5700000000000003,1.8999999999999995,0.0,2.9118710355824855,100,100,11
k90,6.0,6.0,0.0,0.0,0.0,2.0,,100,100,0
k90,6.0,6.0,0.0,0.0,0.0,2.0,,100,100,1
k90,6.0,6.0,0.0,0.0,0.0,2.0,,100,100,2
k90,6.33,6.0,0.33000000000000007,0.2400000000000002,0.4299999999999997,0.0,0.9875342427465569,100,100,3
k90,6.9,6.0,0.9000000000000004,0.8300000000000001,0.96,0.0,4.221374183841088,100,100,4
k90,6.98,6.0,0.9800000000000004,0.9500000000000002,1.0,0.0,9.849873095629206,100,100,5
k90,7.0,6.02,0.9800000000000004,0.9500000000000002,1.0,0.0,9.849873095629206,100,100,6
k90,7.18,6.58,0.5999999999999996,0.4900000000000002,0.7200000000000006,0.0,1.3498466170534154,100,100,7
k90,7.7,6.84,0.8600000000000003,0.75,0.9699999999999998,0.0,2.0620513449303153,100,100,8
k90,8.29,7.33,0.9599999999999991,0.8100000000000005,1.1099999999999994,0.0,1.8607949577432763,100,100,9
k90,9.49,7.71,1.7800000000000002,1.5700000000000003,2.01,0.0,2.1671145992955734,100,100,10
k90,9.96,7.67,2.290000000000001,2.039999999999999,2.55,0.0,2.486440512968512,100,100,11
k95,7.0,7.0,0.0,0.0,0.0,2.0,,100,100,0
k95,7.0,7.0,0.0,0.0,0.0,2.0,,100,100,1
k95,7.58,7.0,0.5800000000000001,0.4800000000000004,0.6699999999999999,0.0,1.6535675717326204,100,100,2
k95,8.0,7.15,0.8499999999999996,0.7699999999999996,0.9199999999999999,0.0,3.3496268448888435,100,100,3
k95,8.14,7.81,0.33000000000000096,0.22999999999999954,0.43025000000000035,0.0,0.8866120534285158,100,100,4
k95,8.4,7.98,0.41999999999999993,0.2900000000000009,0.5502500000000005,0.0,0.8717498383589474,100,100,5
k95,9.07,8.56,0.5099999999999998,0.3100000000000005,0.7200000000000006,0.0,0.6574394307611894,100,100,6
k95,10.52,9.75,0.7699999999999996,0.4600000000000008,1.0902499999999997,0.0,0.6802280359667761,100,100,7
k95,12.37,11.03,1.3399999999999999,0.9600000000000009,1.7002500000000007,0.0,0.9852951938237606,100,100,8
k95,14.05,12.28,1.7700000000000014,1.3497499999999996,2.2302500000000003,0.0,1.1380960308478858,100,100,9
k95,16.01,13.16,2.8500000000000014,2.379749999999999,3.3100000000000005,0.0,1.6178611598895223,100,100,10
k95,16.19,12.92,3.2700000000000014,2.75975,3.7399999999999984,0.0,1.8321107298730759,100,100,11
k99,8.17,8.09,0.08000000000000007,-0.009999999999999787,0.17999999999999972,0.104,0.23838018396591487,100,100,0
k99,8.39,8.74,-0.34999999999999964,-0.5402500000000009,-0.17975,0.0,-0.5052080649472247,100,100,1
k99,13.61,13.79,-0.17999999999999972,-0.6802499999999997,0.31024999999999847,0.528,-0.09570579436370581,100,100,2
k99,18.6,18.02,0.5800000000000018,-0.14000000000000057,1.3002500000000003,0.114,0.22670692698214998,100,100,3
k99,22.16,21.54,0.620000000000001,-0.1700000000000017,1.4502499999999992,0.16,0.20055411855064573,100,100,4
k99,24.13,22.92,1.2099999999999973,0.25,2.0202500000000025,0.016,0.3692052883758065,100,100,5
k99,25.97,24.79,1.1799999999999997,0.21000000000000085,2.129999999999999,0.02,0.3302699192850746,100,100,6
k99,28.17,26.92,1.25,0.13949999999999715,2.3002500000000006,0.03,0.3268760289945645,100,100,7
k99,30.49,28.52,1.9699999999999989,0.8497499999999979,3.1102499999999993,0.0,0.4782251521202933,100,100,8
k99,32.17,30.07,2.1000000000000014,0.8987500000000022,3.1904999999999974,0.0,0.477563094893212,100,100,9
k99,33.94,30.56,3.379999999999999,2.009999999999998,4.540499999999999,0.0,0.7400474188637011,100,100,10
k99,33.72,30.1,3.6199999999999974,2.3997499999999987,4.920250000000001,0.0,0.8040775342956585,100,100,11
