metric,mean_sent,mean_null,diff_mean,diff_ci_low,diff_ci_high,p_two_sided,cohens_d,n_sent,n_null,layer,level_from,level_to
G,0.9873816445678001,0.9847075078454283,0.0026741367223718226,0.002244776722043454,0.0030863636008685025,0.0,1.736176569693417,100,100,0,1,2
G,0.9895658415177511,0.9895464588730107,1.9382644740328914e-05,-0.00025597268057961364,0.00028953344219987683,0.888,0.019784044118566265,100,100,0,2,3
G,0.9904801194417098,0.9891253986372834,0.0013547208044263348,0.0010638464616759546,0.0016437648352886412,0.0,1.2767814956087171,100,100,0,3,4
G,0.9898696460525194,0.9892035074990894,0.0006661385534300068,0.00035736078332568587,0.0009715313985943691,0.0,0.5840408008239244,100,100,0,4,5
G,0.9868923434979385,0.9903040894695692,-0.003411745971630631,-0.0037107407298470453,-0.0031324299170621905,0.0,-3.267388160456229,100,100,0,5,6
G,0.9881030190019381,0.9881007540453046,2.2649566334687066e-06,-0.00032729277814178557,0.0003460669918905812,0.982,0.0018993169246819244,100,100,0,6,7
G,0.9900096805729562,0.9902448331041943,-0.00023515253123806978,-0.0004822354630819342,2.6793040465214447e-05,0.096,-0.24436958077522275,100,100,0,7,8
G,0.9880591045376801,0.9908661225665181,-0.002807018028837982,-0.0030537668880606357,-0.0025358135862364795,0.0,-2.998126262011459,100,100,0,8,9
G,0.9882537819738425,0.9894477825339826,-0.0011940005601400738,-0.0014799836265661863,-0.0009012747171734226,0.0,-1.1218838549363026,100,100,0,9,10
G,0.9862697743636276,0.9827285600162687,0.0035412143473588786,0.0029748156968328497,0.0041170871584659706,0.0,1.7182982313334112,100,100,1,1,2
G,0.9892402385525287,0.9879785538684753,0.0012616846840534102,0.0008768958344109346,0.001677903414458398,0.0,0.861139319873616,100,100,1,2,3
G,0.9893203220438387,0.9872350630944683,0.0020852589493703944,0.001688822679671287,0.002509505392433953,0.0,1.3917507695226186,100,100,1,3,4
G,0.9894904823535018,0.9876263000851587,0.001864182268343062,0.0015090934830405106,0.00223846766342001,0.0,1.4108385970846655,100,100,1,4,5
G,0.9873075233291067,0.9881439409322208,-0.0008364176031141479,-0.0011711080108723544,-0.00046554352622191485,0.0,-0.6548849446793721,100,100,1,5,6
G,0.9859033416793461,0.986599923751657,-0.0006965820723108251,-0.0011725930220788188,-0.00028731311623546313,0.002,-0.4352425265031317,100,100,1,6,7
G,0.9891011723303607,0.987809134955444,0.001292037374916677,0.0008672766016000893,0.0016937655399361401,0.0,0.8535263996065432,100,100,1,7,8
G,0.9848688894931287,0.9886238030502722,-0.0037549135571435244,-0.004183403394666882,-0.003356569592134312,0.0,-2.430618691946468,100,100,1,8,9
G,0.9850308982914402,0.9865244741264789,-0.0014935758350387296,-0.001990440016429118,-0.0010221282524837312,0.0,-0.8375746985828142,100,100,1,9,10
G,0.9664943823639364,0.9689155191746022,-0.0024211368106658027,-0.0038196847876623696,-0.0010890278659051594,0.0,-0.5009475098772593,100,100,2,1,2
G,0.9748204177859283,0.9758989899333507,-0.001078572147422352,-0.0020394998796997715,-0.0001553599716181272,0.024,-0.3245470412285876,100,100,2,2,3
G,0.9760842680618876,0.9738125067400553,0.0022717613218323773,0.0010783103756606294,0.0034442295825316267,0.0,0.524936493289514,100,100,2,3,4
G,0.9819734814185945,0.9779899075144814,0.00398357390411308,0.0031125841507717105,0.004812017855201974,0.0,1.3777828736559028,100,100,2,4,5
G,0.9754177495922361,0.9790079661546245,-0.0035902165623883375,-0.004417471608815041,-0.002756759739832615,0.0,-1.2428265557744707,100,100,2,5,6
G,0.9735893940561346,0.9769177900131732,-0.003328395957038599,-0.00432906599151259,-0.002410211734461937,0.0,-0.9519332353228027,100,100,2,6,7
G,0.97689972529856,0.9785936043191523,-0.0016938790205923704,-0.0025212592389021126,-0.0009051320418362153,0.0,-0.5636285280311787,100,100,2,7,8
G,0.9652227572434477,0.978637531202464,-0.013414773959016246,-0.014350601363666901,-0.012465200371306957,0.0,-3.972974480465551,100,100,2,8,9
G,0.971849425236384,0.9757361721732315,-0.0038867469368475405,-0.004862206240967723,-0.0028984589356751108,0.0,-1.068328569447109,100,100,2,9,10
G,0.9358713397137705,0.9571416293297494,-0.021270289615978988,-0.02336349743806895,-0.018933044044779652,0.0,-2.6268666750488037,100,100,3,1,2
G,0.963659173407725,0.964509350846211,-0.0008501774384860328,-0.0021740778959576518,0.0005523282421842911,0.25,-0.16642034523225852,100,100,3,2,3
G,0.9589366977058709,0.9644214470793332,-0.005484749373462328,-0.0074819183169728964,-0.003583552568559554,0.0,-0.7484389848801306,100,100,3,3,4
G,0.9669437675140206,0.9701436790629985,-0.0031999115489779184,-0.004607412505729325,-0.0017992322412865443,0.0,-0.6526289255516552,100,100,3,4,5
G,0.9536488558441873,0.9665826413281381,-0.012933785483950744,-0.014280509460114282,-0.011508965437729102,0.0,-2.5614943190735295,100,100,3,5,6
G,0.9580946843056453,0.96312793039566,-0.005033246090014765,-0.006446865869478999,-0.003548969307341088,0.0,-0.9898487061842219,100,100,3,6,7
G,0.9607171644190001,0.965372988989902,-0.004655824570901856,-0.0060996404507214445,-0.0032102860957027805,0.0,-0.9075075485278148,100,100,3,7,8
G,0.9496541959553482,0.9679423263687936,-0.018288130413445458,-0.019732351460816443,-0.016953133716292534,0.0,-3.6283485583096127,100,100,3,8,9
G,0.9575030294656754,0.9618650223835121,-0.004361992917836677,-0.0058489169783065426,-0.0028015193975516966,0.0,-0.7795418950667591,100,100,3,9,10
G,0.9169114932432061,0.9464294374078983,-0.029517944164692222,-0.03226100007694169,-0.02655609653724559,0.0,-2.891107676416264,100,100,4,1,2
G,0.9538624209208147,0.9527749714903415,0.0010874494304732307,-0.00045341983839634057,0.0025143075229983295,0.178,0.19488137222572013,100,100,4,2,3
G,0.9462198626569339,0.9549545095075689,-0.008734646850634964,-0.011442090843748098,-0.006197516766935524,0.0,-0.9618680002595146,100,100,4,3,4
G,0.9590808096428713,0.9597123496083039,-0.000631539965432526,-0.002134815453868047,0.0008152850851891017,0.382,-0.12188439255917413,100,100,4,4,5
G,0.9426381994017535,0.9547804972680787,-0.012142297866325147,-0.013673606659235277,-0.010646897194676538,0.0,-2.0747514520677828,100,100,4,5,6
G,0.9489842399689884,0.9524402281802797,-0.0034559882112913387,-0.005031670030076272,-0.0018434383270170274,0.0,-0.5906550844598842,100,100,4,6,7
G,0.9477998518716721,0.9525843559304873,-0.004784504058815142,-0.006476522186682146,-0.003181546546353357,0.0,-0.7980056704585919,100,100,4,7,8
G,0.9405247886109919,0.9594737084583632,-0.01894891984737135,-0.02055672136715476,-0.017384671037892284,0.0,-3.227935237556418,100,100,4,8,9
G,0.9461291317542394,0.9422186492421324,0.003910482512107016,0.0015608109073507153,0.006173805060225831,0.002,0.49361849940759017,100,100,4,9,10
G,0.905173907519333,0.935143540433948,-0.029969632914614963,-0.03315082060902834,-0.026803482011185334,0.0,-2.6303795253746824,100,100,5,1,2
G,0.9479494503575658,0.942760005244187,0.005189445113378821,0.003056929015723109,0.007254470845134411,0.0,0.6758275972122274,100,100,5,2,3
G,0.9374686400100352,0.9473858058201889,-0.009917165810153783,-0.012595324069107535,-0.007285916340102838,0.0,-1.052207773992,100,100,5,3,4
G,0.952078204314387,0.9508295042363425,0.0012487000780445623,-0.00046063936900276876,0.002852645764724683,0.128,0.21138290726688921,100,100,5,4,5
G,0.9330600073715999,0.9502372933205158,-0.017177285948915877,-0.01901785255380819,-0.01533556270938778,0.0,-2.6124869026781963,100,100,5,5,6
G,0.9396803402337764,0.9495254811829045,-0.009845140949128028,-0.011775664120439658,-0.007873674409091253,0.0,-1.429942395534247,100,100,5,6,7
G,0.9343317879031572,0.9453032165164985,-0.010971428613341327,-0.012841965191468265,-0.00896664925299244,0.0,-1.5857176197358687,100,100,5,7,8
G,0.9249581504558758,0.9538566102096959,-0.028898459753820105,-0.030765871512464075,-0.02694875145200958,0.0,-4.160853313608302,100,100,5,8,9
G,0.9330762570968695,0.9396090197085388,-0.006532762611669352,-0.008781086977807948,-0.004185165987920551,0.0,-0.797851389114669,100,100,5,9,10
G,0.8964240795255652,0.9228777259422672,-0.026453646416702004,-0.029423406443532116,-0.023302489990681883,0.0,-2.2665464610091415,100,100,6,1,2
G,0.9349664564733469,0.9290828001281569,0.005883656345189947,0.0035596457643524704,0.008119772319105725,0.0,0.6839559973781556,100,100,6,2,3
G,0.9365378238913559,0.9379000187473637,-0.001362194856007859,-0.0036648495887245613,0.001088105038198739,0.292,-0.15711033510975195,100,100,6,3,4
G,0.9432747186994743,0.9413157125252579,0.0019590061742164044,0.00010085922083462044,0.003655683829458195,0.044,0.31442834907073813,100,100,6,4,5
G,0.9186080729152473,0.940823782881574,-0.022215709966326713,-0.02427853386000031,-0.02039731929903002,0.0,-3.066724308830392,100,100,6,5,6
G,0.9305630264972884,0.9440515606166824,-0.013488534119393991,-0.015552006304063037,-0.011524337346780785,0.0,-1.8076880705333438,100,100,6,6,7
G,0.9242284775087758,0.9388208496660466,-0.014592372157270828,-0.016808255016094096,-0.012403368760196078,0.0,-1.8735834388131092,100,100,6,7,8
G,0.9170656223434306,0.944115523142947,-0.027049900799516413,-0.02909565745237316,-0.02512954886482342,0.0,-3.7245096972320004,100,100,6,8,9
G,0.9241822427435529,0.9288767368093369,-0.004694494065784038,-0.007123028063087897,-0.0024138404328196586,0.0,-0.550041173669214,100,100,6,9,10
G,0.8819896053482615,0.9068680131794913,-0.024878407831229743,-0.02875689145630563,-0.021167238445508985,0.0,-1.7954799957589915,100,100,7,1,2
G,0.915588663635746,0.9164268294979655,-0.0008381658622195198,-0.0035085834050935017,0.0017236767251578155,0.538,-0.08698130443837272,100,100,7,2,3
G,0.9199815029237005,0.9231842508562026,-0.0032027479325020813,-0.005977584581230985,-0.0005935031908252236,0.02,-0.3144959295466851,100,100,7,3,4
G,0.92829766632924,0.9231158371922514,0.005181829136988614,0.0029834788730339653,0.007178052413652721,0.0,0.6568170792482619,100,100,7,4,5
G,0.9071258483699391,0.9236879707797179,-0.016562122409778723,-0.018626514424348227,-0.014521304075573343,0.0,-2.1338076502424714,100,100,7,5,6
G,0.9185439715276634,0.9268508473048134,-0.008306875777149947,-0.01060995375185266,-0.005925109396188952,0.0,-0.9543972541383882,100,100,7,6,7
G,0.9147719827128781,0.9301401025633964,-0.015368119850518336,-0.01746314303367614,-0.01304710767622744,0.0,-1.906254133681374,100,100,7,7,8
G,0.8996607207003093,0.9330509250462056,-0.033390204345896235,-0.03556920162425189,-0.030837562188175037,0.0,-3.8135577951683985,100,100,7,8,9
G,0.9134291506603596,0.9149881530195948,-0.0015590023592352287,-0.004366492201991296,0.0011424420635496974,0.246,-0.1647545176495772,100,100,7,9,10
G,0.8664831722132743,0.8860840882786682,-0.019600916065393936,-0.024126674119524783,-0.01473581320382065,0.0,-1.2122774769223188,100,100,8,1,2
G,0.8938207596483685,0.900496304493575,-0.006675544845206494,-0.009872321900133924,-0.0037784016582343596,0.0,-0.601556197065364,100,100,8,2,3
G,0.9051941704012099,0.909464091675149,-0.0042699212739391035,-0.007162686221526107,-0.0008607177713562262,0.014,-0.37436699490847136,100,100,8,3,4
G,0.9059597022031981,0.9081645860572656,-0.0022048838540674742,-0.0051113690965826465,0.0008460875180150289,0.13,-0.21242217605842295,100,100,8,4,5
G,0.8898740816622502,0.9007856349604471,-0.010911553298196819,-0.013449082288820063,-0.008577468520793108,0.0,-1.2135601992314489,100,100,8,5,6
G,0.8993399985896215,0.9092511003400598,-0.0099111017504383,-0.012672629258533427,-0.0071670156891147085,0.0,-0.9982411313222405,100,100,8,6,7
G,0.8941728398681634,0.9280928027847459,-0.0339199629165825,-0.036279948462912597,-0.031428402869793516,0.0,-3.923063429496777,100,100,8,7,8
G,0.8809278749270097,0.925025367822912,-0.04409749289590226,-0.04658723726082177,-0.04147828586183151,0.0,-4.796590650257799,100,100,8,8,9
G,0.8969372790867374,0.9046889124711354,-0.007751633384397993,-0.010731965931635034,-0.004834603268960586,0.0,-0.704498217988041,100,100,8,9,10
G,0.8360400047467816,0.8686233682916279,-0.032583363544846256,-0.03797050772762279,-0.02694550654325199,0.0,-1.6528815329722284,100,100,9,1,2
G,0.8657526970756431,0.8760562888166262,-0.010303591740983165,-0.0140106352124777,-0.00687592404950704,0.0,-0.7679850284558701,100,100,9,2,3
G,0.888538084699521,0.8860710045780454,0.002467080121475562,-0.0013348879762700354,0.0061876450626740355,0.212,0.18515617473494983,100,100,9,3,4
G,0.8859918983469878,0.8870641759775932,-0.001072277630605467,-0.004384059969477794,0.002302353284496024,0.56,-0.08582929611148263,100,100,9,4,5
G,0.8703961074919928,0.8747846305838654,-0.004388523091872543,-0.007332948221538296,-0.0013793583755572437,0.0,-0.3977531808423629,100,100,9,5,6
G,0.8822141370413794,0.8846805615373072,-0.0024664244959278214,-0.005897262027197797,0.0008418927162416495,0.178,-0.19999879532714276,100,100,9,6,7
G,0.8742139024356055,0.9137781910134689,-0.03956428857786343,-0.04215434061495786,-0.03700912513294142,0.0,-4.313068487089295,100,100,9,7,8
G,0.86192553126197,0.9199804463395996,-0.05805491507762961,-0.06104484986172047,-0.055040039229724086,0.0,-5.391321609332267,100,100,9,8,9
G,0.8769572844926327,0.8873004821344973,-0.010343197641864643,-0.014374917353784603,-0.006398101229279791,0.0,-0.7145191621856041,100,100,9,9,10
G,0.8046027108662658,0.842715856904075,-0.03811314603780924,-0.04435818927356648,-0.03173674678596739,0.0,-1.5598466021644268,100,100,10,1,2
G,0.8236449454994428,0.8410897006770921,-0.017444755177649318,-0.022752452531894625,-0.012006297380654517,0.0,-0.9260262141036181,100,100,10,2,3
G,0.8559771187811616,0.8587378910415703,-0.002760772260408717,-0.0074573767773808055,0.0018395772739181599,0.304,-0.1579262749428045,100,100,10,3,4
G,0.8565492892374122,0.8652338093921306,-0.008684520154718323,-0.013294290589186051,-0.004040826110210672,0.0,-0.5312477539750619,100,100,10,4,5
G,0.8427453097762568,0.8438055833265895,-0.0010602735503326688,-0.005126966063488941,0.002775762785510029,0.614,-0.07482115603667938,100,100,10,5,6
G,0.8553472964754181,0.8475583250456385,0.007788971429779523,0.0029989960560250052,0.012301420132827638,0.002,0.4684303796628644,100,100,10,6,7
G,0.8406655425339463,0.8894496666415344,-0.048784124107588034,-0.052485561620455895,-0.04534446755406406,0.0,-3.8524665494691446,100,100,10,7,8
G,0.8329984333888879,0.9193159281294495,-0.0863174947405616,-0.09047337073310038,-0.08216748164744402,0.0,-5.78873715691122,100,100,10,8,9
G,0.8463412340472616,0.8879491783016259,-0.041607944254364315,-0.046179462579626115,-0.03594793008853311,0.0,-2.25688338122009,100,100,10,9,10
G,0.7703462033938793,0.7781233948133296,-0.0077771914194503244,-0.01824014743760472,0.0013217489971999613,0.092,-0.2180114159302545,100,100,11,1,2
G,0.7720230300601512,0.7804068073989854,-0.00838377733883422,-0.016271747818388173,-0.0011948085261835966,0.026,-0.2982462147653729,100,100,11,2,3
G,0.812198025395946,0.8038632694653103,0.008334755930635707,0.0016987362548116808,0.015017716660208721,0.026,0.3376159141691532,100,100,11,3,4
G,0.8051623538510193,0.8482008321602195,-0.04303847830920016,-0.049375737509616255,-0.03701812042682657,0.0,-1.9253451832746062,100,100,11,4,5
G,0.8055773903131487,0.8005012087505016,0.0050761815626471085,-0.000737681485523356,0.010606794987571598,0.1,0.24891869916222575,100,100,11,5,6
G,0.8395949644015895,0.8045669784867573,0.03502798591483225,0.029521722391850788,0.0402053628022472,0.0,1.8182446720049854,100,100,11,6,7
G,0.7701401390125828,0.8651562737453553,-0.09501613473277248,-0.10151415612205617,-0.08945442438719327,0.0,-4.369460470692334,100,100,11,7,8
G,0.7936963521511783,0.9153584144370897,-0.12166206228591137,-0.12774185952364456,-0.11573508287312244,0.0,-5.489446953611551,100,100,11,8,9
G,0.7825565271528938,0.8981309765146837,-0.11557444936178984,-0.12373964633248628,-0.10800710092008355,0.0,-4.028348306071173,100,100,11,9,10
