,layer,level_from,level_to,G,left_out
0,0,1,2,0.9879141847292582,sentence.1
1,0,2,3,0.9898639950487349,sentence.1
2,0,3,4,0.9905229740672641,sentence.1
3,0,4,5,0.9897850354512533,sentence.1
4,0,5,6,0.9869645618730121,sentence.1
5,0,6,7,0.9883026844925351,sentence.1
6,0,7,8,0.9900484416219923,sentence.1
7,0,8,9,0.9879469656282001,sentence.1
8,0,9,10,0.9882393479347229,sentence.1
9,1,1,2,0.9868111676639981,sentence.1
10,1,2,3,0.9895444330241945,sentence.1
11,1,3,4,0.9891759206851324,sentence.1
12,1,4,5,0.9892931712998284,sentence.1
13,1,5,6,0.9873277015156217,sentence.1
14,1,6,7,0.9861508823103375,sentence.1
15,1,7,8,0.9895965390735202,sentence.1
16,1,8,9,0.9850279970301522,sentence.1
17,1,9,10,0.9850114186604818,sentence.1
18,2,1,2,0.9669667002227571,sentence.1
19,2,2,3,0.975604514280955,sentence.1
20,2,3,4,0.9749440352121989,sentence.1
21,2,4,5,0.9812894215186437,sentence.1
22,2,5,6,0.9755760745869743,sentence.1
23,2,6,7,0.9738599194420708,sentence.1
24,2,7,8,0.9772737357351515,sentence.1
25,2,8,9,0.9648942467239168,sentence.1
26,2,9,10,0.9715555790397856,sentence.1
27,3,1,2,0.9356654501623578,sentence.1
28,3,2,3,0.963990600572692,sentence.1
29,3,3,4,0.9559861868619919,sentence.1
30,3,4,5,0.964537489745352,sentence.1
31,3,5,6,0.9521462139156129,sentence.1
32,3,6,7,0.9582540227307214,sentence.1
33,3,7,8,0.9598485993014442,sentence.1
34,3,8,9,0.9476471940676371,sentence.1
35,3,9,10,0.9559541675779555,sentence.1
36,4,1,2,0.913299689690272,sentence.1
37,4,2,3,0.9533264719777637,sentence.1
38,4,3,4,0.9419704559776518,sentence.1
39,4,4,5,0.9566225227382448,sentence.1
40,4,5,6,0.9401565177573098,sentence.1
41,4,6,7,0.9487949328290092,sentence.1
42,4,7,8,0.9473374651538001,sentence.1
43,4,8,9,0.9379857298400667,sentence.1
44,4,9,10,0.9441819621456994,sentence.1
45,5,1,2,0.9021003991365433,sentence.1
46,5,2,3,0.9461646758847766,sentence.1
47,5,3,4,0.9330638713306851,sentence.1
48,5,4,5,0.9494274208943049,sentence.1
49,5,5,6,0.929737764928076,sentence.1
50,5,6,7,0.9384956078396903,sentence.1
51,5,7,8,0.9318787422445085,sentence.1
52,5,8,9,0.9208464009894265,sentence.1
53,5,9,10,0.9300554460949368,sentence.1
54,6,1,2,0.8932179825173484,sentence.1
55,6,2,3,0.9325021257003149,sentence.1
56,6,3,4,0.9325753483507369,sentence.1
57,6,4,5,0.9402517278989156,sentence.1
58,6,5,6,0.9140903386804793,sentence.1
59,6,6,7,0.9289636843734317,sentence.1
60,6,7,8,0.9209201220009062,sentence.1
61,6,8,9,0.9127055505911509,sentence.1
62,6,9,10,0.9209852980242835,sentence.1
63,7,1,2,0.8776598688628938,sentence.1
64,7,2,3,0.9114062769545449,sentence.1
65,7,3,4,0.9141863915655348,sentence.1
66,7,4,5,0.9247260408269035,sentence.1
67,7,5,6,0.9022578315602409,sentence.1
68,7,6,7,0.9163966377576193,sentence.1
69,7,7,8,0.9112410065200593,sentence.1
70,7,8,9,0.8942396707004971,sentence.1
71,7,9,10,0.9094933403862847,sentence.1
72,8,1,2,0.860954256521331,sentence.1
73,8,2,3,0.8887683749198914,sentence.1
74,8,3,4,0.8981348656945758,sentence.1
75,8,4,5,0.9008946998251809,sentence.1
76,8,5,6,0.8844070782264074,sentence.1
77,8,6,7,0.8965198844671249,sentence.1
78,8,7,8,0.8895793093575372,sentence.1
79,8,8,9,0.874905945526229,sentence.1
80,8,9,10,0.8915630347198911,sentence.1
81,9,1,2,0.8278792748848597,sentence.1
82,9,2,3,0.8596680131223466,sentence.1
83,9,3,4,0.8807217793332206,sentence.1
84,9,4,5,0.8798928111791611,sentence.1
85,9,5,6,0.8641903483205371,sentence.1
86,9,6,7,0.8790934814347161,sentence.1
87,9,7,8,0.8686660958660973,sentence.1
88,9,8,9,0.8554142995013131,sentence.1
89,9,9,10,0.8706633564498689,sentence.1
90,10,1,2,0.7951671630144119,sentence.1
91,10,2,3,0.8146406892273161,sentence.1
92,10,3,4,0.845000233915117,sentence.1
93,10,4,5,0.8483816666735543,sentence.1
94,10,5,6,0.8356830030679703,sentence.1
95,10,6,7,0.8504585673411688,sentence.1
96,10,7,8,0.8336552580197653,sentence.1
97,10,8,9,0.8253416104449166,sentence.1
98,10,9,10,0.8381062630150053,sentence.1
99,11,1,2,0.7631759262747235,sentence.1
100,11,2,3,0.7615856031576792,sentence.1
101,11,3,4,0.7960059096415838,sentence.1
102,11,4,5,0.7933029797342088,sentence.1
103,11,5,6,0.8027945657571157,sentence.1
104,11,6,7,0.8354534424013562,sentence.1
105,11,7,8,0.7599776933590571,sentence.1
106,11,8,9,0.7832252615027957,sentence.1
107,11,9,10,0.7668447080585692,sentence.1
108,0,1,2,0.9869502286116282,sentence.10
109,0,2,3,0.9896453701787524,sentence.10
110,0,3,4,0.9904787722561095,sentence.10
111,0,4,5,0.9898262735870149,sentence.10
112,0,5,6,0.9866407811641693,sentence.10
113,0,6,7,0.9880291422208151,sentence.10
114,0,7,8,0.9902623014317619,sentence.10
115,0,8,9,0.9884059793419309,sentence.10
116,0,9,10,0.9885562294059329,sentence.10
117,1,1,2,0.9856031950977113,sentence.10
118,1,2,3,0.989209943347507,sentence.10
119,1,3,4,0.9891911778185103,sentence.10
120,1,4,5,0.9894762701458402,sentence.10
121,1,5,6,0.987154988778962,sentence.10
122,1,6,7,0.9857263465722402,sentence.10
123,1,7,8,0.9889692150884204,sentence.10
124,1,8,9,0.9854197949171066,sentence.10
125,1,9,10,0.9854127864042918,sentence.10
126,2,1,2,0.9640375243292915,sentence.10
127,2,2,3,0.9741010417540868,sentence.10
128,2,3,4,0.9751370665099885,sentence.10
129,2,4,5,0.9812830719682906,sentence.10
130,2,5,6,0.974510606792238,sentence.10
131,2,6,7,0.973348500000106,sentence.10
132,2,7,8,0.9762306958436966,sentence.10
133,2,8,9,0.9652930183543099,sentence.10
134,2,9,10,0.9716825236876806,sentence.10
135,3,1,2,0.9306471827957365,sentence.10
136,3,2,3,0.96205392645465,sentence.10
137,3,3,4,0.9560910794470046,sentence.10
138,3,4,5,0.9649155487616857,sentence.10
139,3,5,6,0.9523054278559155,sentence.10
140,3,6,7,0.9577439212136798,sentence.10
141,3,7,8,0.959641714890798,sentence.10
142,3,8,9,0.9486628870169321,sentence.10
143,3,9,10,0.956715519229571,sentence.10
144,4,1,2,0.9111197623941634,sentence.10
145,4,2,3,0.9520880464050505,sentence.10
146,4,3,4,0.9426712973250283,sentence.10
147,4,4,5,0.957616099052959,sentence.10
148,4,5,6,0.9414876831902398,sentence.10
149,4,6,7,0.9484527475304074,sentence.10
150,4,7,8,0.9464596609274546,sentence.10
151,4,8,9,0.9392223027017381,sentence.10
152,4,9,10,0.945441957977083,sentence.10
153,5,1,2,0.8988953762584262,sentence.10
154,5,2,3,0.9461297161049314,sentence.10
155,5,3,4,0.9335603151056502,sentence.10
156,5,4,5,0.9505999452537961,sentence.10
157,5,5,6,0.9320409893989563,sentence.10
158,5,6,7,0.9384766187932756,sentence.10
159,5,7,8,0.9327533377541436,sentence.10
160,5,8,9,0.9231156938605838,sentence.10
161,5,9,10,0.9324579454130597,sentence.10
162,6,1,2,0.8898442486921946,sentence.10
163,6,2,3,0.9319432394372092,sentence.10
164,6,3,4,0.9327390922440423,sentence.10
165,6,4,5,0.9427268140845828,sentence.10
166,6,5,6,0.9182730515797933,sentence.10
167,6,6,7,0.929516077041626,sentence.10
168,6,7,8,0.9219758709271749,sentence.10
169,6,8,9,0.9153730952077441,sentence.10
170,6,9,10,0.9248566544718213,sentence.10
171,7,1,2,0.8738468024465773,sentence.10
172,7,2,3,0.9116309069924884,sentence.10
173,7,3,4,0.9148418406645457,sentence.10
174,7,4,5,0.927954817811648,sentence.10
175,7,5,6,0.9069843822055392,sentence.10
176,7,6,7,0.9172177977032132,sentence.10
177,7,7,8,0.9122905996110704,sentence.10
178,7,8,9,0.8974166264136633,sentence.10
179,7,9,10,0.9126312401559618,sentence.10
180,8,1,2,0.8575505995088153,sentence.10
181,8,2,3,0.8885736581352022,sentence.10
182,8,3,4,0.8990604016515944,sentence.10
183,8,4,5,0.9053491238090727,sentence.10
184,8,5,6,0.8904200808869468,sentence.10
185,8,6,7,0.8972027765380012,sentence.10
186,8,7,8,0.8906610409418741,sentence.10
187,8,8,9,0.876792730556594,sentence.10
188,8,9,10,0.8932708270019956,sentence.10
189,9,1,2,0.8249045544200473,sentence.10
190,9,2,3,0.8585085736380683,sentence.10
191,9,3,4,0.8816885915067461,sentence.10
192,9,4,5,0.8855379256937239,sentence.10
193,9,5,6,0.8702443208959367,sentence.10
194,9,6,7,0.8795292642381456,sentence.10
195,9,7,8,0.8705871684683694,sentence.10
196,9,8,9,0.8587417271402147,sentence.10
197,9,9,10,0.8717428313361274,sentence.10
198,10,1,2,0.7917587045166228,sentence.10
199,10,2,3,0.8130925016270744,sentence.10
200,10,3,4,0.8483230272928873,sentence.10
201,10,4,5,0.8567799909247292,sentence.10
202,10,5,6,0.8444709728161494,sentence.10
203,10,6,7,0.8512085874875387,sentence.10
204,10,7,8,0.8360333343346914,sentence.10
205,10,8,9,0.8297602832317352,sentence.10
206,10,9,10,0.8393584142128626,sentence.10
207,11,1,2,0.7562008367644416,sentence.10
208,11,2,3,0.7592184924417071,sentence.10
209,11,3,4,0.8035140285889307,sentence.10
210,11,4,5,0.8032322261068556,sentence.10
211,11,5,6,0.8006373660431968,sentence.10
212,11,6,7,0.8349820391999351,sentence.10
213,11,7,8,0.7629330555597941,sentence.10
214,11,8,9,0.7896538823843002,sentence.10
215,11,9,10,0.7732193966706594,sentence.10
216,0,1,2,0.9872788886229197,sentence.2
217,0,2,3,0.9896849791208903,sentence.2
218,0,3,4,0.9904918339517381,sentence.2
219,0,4,5,0.9899243298504088,sentence.2
220,0,5,6,0.9869022948874367,sentence.2
221,0,6,7,0.9881361275911331,sentence.2
222,0,7,8,0.9899019714858797,sentence.2
223,0,8,9,0.9882145441240735,sentence.2
224,0,9,10,0.9882987522416644,sentence.2
225,1,1,2,0.9863950858513514,sentence.2
226,1,2,3,0.9893351958857642,sentence.2
227,1,3,4,0.9895890305439631,sentence.2
228,1,4,5,0.9897055857711368,sentence.2
229,1,5,6,0.9876290361086527,sentence.2
230,1,6,7,0.9863897843493356,sentence.2
231,1,7,8,0.9893656041887071,sentence.2
232,1,8,9,0.9849420371982787,sentence.2
233,1,9,10,0.9847701787948608,sentence.2
234,2,1,2,0.9704222232103348,sentence.2
235,2,2,3,0.9770270370774798,sentence.2
236,2,3,4,0.9802675545215607,sentence.2
237,2,4,5,0.9843325449360741,sentence.2
238,2,5,6,0.9773719741238488,sentence.2
239,2,6,7,0.9757495174805323,sentence.2
240,2,7,8,0.9794032325347265,sentence.2
241,2,8,9,0.9668059183491601,sentence.2
242,2,9,10,0.9729396005471548,sentence.2
243,3,1,2,0.9462892131672965,sentence.2
244,3,2,3,0.9683566408024894,sentence.2
245,3,3,4,0.9691471490595076,sentence.2
246,3,4,5,0.973325714468956,sentence.2
247,3,5,6,0.9590663032399284,sentence.2
248,3,6,7,0.9628205034467909,sentence.2
249,3,7,8,0.9668088538779153,sentence.2
250,3,8,9,0.9545696891016431,sentence.2
251,3,9,10,0.9617350714074241,sentence.2
252,4,1,2,0.9321386019388834,sentence.2
253,4,2,3,0.9593668364816241,sentence.2
254,4,3,4,0.9599234213431677,sentence.2
255,4,4,5,0.9654998150136735,sentence.2
256,4,5,6,0.9495723297198614,sentence.2
257,4,6,7,0.9548360026544995,sentence.2
258,4,7,8,0.9554399682415856,sentence.2
259,4,8,9,0.946625711189376,sentence.2
260,4,9,10,0.9518445216947131,sentence.2
261,5,1,2,0.9208915962113274,sentence.2
262,5,2,3,0.9549064851469464,sentence.2
263,5,3,4,0.9514979985025194,sentence.2
264,5,4,5,0.9585968918270535,sentence.2
265,5,5,6,0.9412780337863498,sentence.2
266,5,6,7,0.9483939905961355,sentence.2
267,5,7,8,0.9445928186178207,sentence.2
268,5,8,9,0.9329342991113663,sentence.2
269,5,9,10,0.9398768477969699,sentence.2
270,6,1,2,0.911560187737147,sentence.2
271,6,2,3,0.9432611614465714,sentence.2
272,6,3,4,0.9491651041640176,sentence.2
273,6,4,5,0.9488335616058774,sentence.2
274,6,5,6,0.9266975207461251,sentence.2
275,6,6,7,0.9401210298140844,sentence.2
276,6,7,8,0.9359640926122665,sentence.2
277,6,8,9,0.9239541507429547,sentence.2
278,6,9,10,0.9297177957163917,sentence.2
279,7,1,2,0.9001038753324084,sentence.2
280,7,2,3,0.9248333093192842,sentence.2
281,7,3,4,0.9339325229326884,sentence.2
282,7,4,5,0.9335975497961044,sentence.2
283,7,5,6,0.913935543762313,sentence.2
284,7,6,7,0.9292001873254776,sentence.2
285,7,7,8,0.9266359756390253,sentence.2
286,7,8,9,0.9073548416296641,sentence.2
287,7,9,10,0.9210108369588852,sentence.2
288,8,1,2,0.8847018529971441,sentence.2
289,8,2,3,0.9021019554800458,sentence.2
290,8,3,4,0.918883525662952,sentence.2
291,8,4,5,0.9107446389065849,sentence.2
292,8,5,6,0.8960697849591573,sentence.2
293,8,6,7,0.910287919971678,sentence.2
294,8,7,8,0.9063151760233773,sentence.2
295,8,8,9,0.8885450214147568,sentence.2
296,8,9,10,0.9036242746644549,sentence.2
297,9,1,2,0.8536293390724394,sentence.2
298,9,2,3,0.8732089234722985,sentence.2
299,9,3,4,0.901674340168635,sentence.2
300,9,4,5,0.8890676812993156,sentence.2
301,9,5,6,0.874385631746716,sentence.2
302,9,6,7,0.8923220054970847,sentence.2
303,9,7,8,0.8856187164783478,sentence.2
304,9,8,9,0.8684557361735238,sentence.2
305,9,9,10,0.8815111650360955,sentence.2
306,10,1,2,0.8198885437515047,sentence.2
307,10,2,3,0.8312389502922694,sentence.2
308,10,3,4,0.8657553195953369,sentence.2
309,10,4,5,0.8582405381732516,sentence.2
310,10,5,6,0.8458509643872579,sentence.2
311,10,6,7,0.8653688646025128,sentence.2
312,10,7,8,0.8519921981626086,sentence.2
313,10,8,9,0.8394077122211456,sentence.2
314,10,9,10,0.8520541969272826,sentence.2
315,11,1,2,0.7829039262400733,sentence.2
316,11,2,3,0.7753954397307502,sentence.2
317,11,3,4,0.8192469593551424,sentence.2
318,11,4,5,0.8005068070358701,sentence.2
319,11,5,6,0.803949750132031,sentence.2
320,11,6,7,0.846344456076622,sentence.2
321,11,7,8,0.7906327247619629,sentence.2
322,11,8,9,0.7968681636783812,sentence.2
323,11,9,10,0.7899444301923116,sentence.2
324,0,1,2,0.9866100168890424,sentence.3
325,0,2,3,0.9889770497878393,sentence.3
326,0,3,4,0.9901249524619844,sentence.3
327,0,4,5,0.9892200297779508,sentence.3
328,0,5,6,0.9860884298880895,sentence.3
329,0,6,7,0.9875462551911672,sentence.3
330,0,7,8,0.9894142846266428,sentence.3
331,0,8,9,0.9873734878169166,sentence.3
332,0,9,10,0.9874842564264933,sentence.3
333,1,1,2,0.9854587796661589,sentence.3
334,1,2,3,0.9885145723819733,sentence.3
335,1,3,4,0.9887168241871728,sentence.3
336,1,4,5,0.988789310057958,sentence.3
337,1,5,6,0.986494168639183,sentence.3
338,1,6,7,0.9850231177277036,sentence.3
339,1,7,8,0.9883983847167757,sentence.3
340,1,8,9,0.9838658852709664,sentence.3
341,1,9,10,0.9841130326191584,sentence.3
342,2,1,2,0.9641040530469682,sentence.3
343,2,2,3,0.9726787275738187,sentence.3
344,2,3,4,0.9738655140002569,sentence.3
345,2,4,5,0.9805606404940287,sentence.3
346,2,5,6,0.973564949300554,sentence.3
347,2,6,7,0.9713307420412699,sentence.3
348,2,7,8,0.9747058931324217,sentence.3
349,2,8,9,0.9626115295622084,sentence.3
350,2,9,10,0.9700177841716342,sentence.3
351,3,1,2,0.9314830601215363,sentence.3
352,3,2,3,0.960616452826394,sentence.3
353,3,3,4,0.9551806797583898,sentence.3
354,3,4,5,0.9653754946258333,sentence.3
355,3,5,6,0.9509081492821375,sentence.3
356,3,6,7,0.9547840108474096,sentence.3
357,3,7,8,0.9572891543308893,sentence.3
358,3,8,9,0.9470086064603593,sentence.3
359,3,9,10,0.9556150502628751,sentence.3
360,4,1,2,0.9126596020327674,sentence.3
361,4,2,3,0.9514769564072291,sentence.3
362,4,3,4,0.9425106959210502,sentence.3
363,4,4,5,0.9576938566234376,sentence.3
364,4,5,6,0.9397693392303255,sentence.3
365,4,6,7,0.9456393851174248,sentence.3
366,4,7,8,0.9437346657117208,sentence.3
367,4,8,9,0.9369587169753181,sentence.3
368,4,9,10,0.9438175757726034,sentence.3
369,5,1,2,0.9001331412129931,sentence.3
370,5,2,3,0.945511649052302,sentence.3
371,5,3,4,0.9336454123258591,sentence.3
372,5,4,5,0.9505947116348479,sentence.3
373,5,5,6,0.929714580376943,sentence.3
374,5,6,7,0.9351407902108299,sentence.3
375,5,7,8,0.9299018830060959,sentence.3
376,5,8,9,0.9215422123670578,sentence.3
377,5,9,10,0.9308842072884241,sentence.3
378,6,1,2,0.8928092900249693,sentence.3
379,6,2,3,0.9329809546470642,sentence.3
380,6,3,4,0.9341042704052396,sentence.3
381,6,4,5,0.9422810590929456,sentence.3
382,6,5,6,0.9151883903476927,sentence.3
383,6,6,7,0.9264710545539856,sentence.3
384,6,7,8,0.9201348721981049,sentence.3
385,6,8,9,0.914789585603608,sentence.3
386,6,9,10,0.9235273384385638,sentence.3
387,7,1,2,0.8798003163602617,sentence.3
388,7,2,3,0.9174088935057322,sentence.3
389,7,3,4,0.9193116277456284,sentence.3
390,7,4,5,0.9300610605213377,sentence.3
391,7,5,6,0.9060866352584627,sentence.3
392,7,6,7,0.915434170100424,sentence.3
393,7,7,8,0.9113503164715238,sentence.3
394,7,8,9,0.8979305509063933,sentence.3
395,7,9,10,0.9130426761176851,sentence.3
396,8,1,2,0.8683809753921297,sentence.3
397,8,2,3,0.9000947111182742,sentence.3
398,8,3,4,0.9066900809605917,sentence.3
399,8,4,5,0.9116502404212952,sentence.3
400,8,5,6,0.8906302882565392,sentence.3
401,8,6,7,0.8983040071196027,sentence.3
402,8,7,8,0.8924538907077577,sentence.3
403,8,8,9,0.881897411412663,sentence.3
404,8,9,10,0.8998197582032945,sentence.3
405,9,1,2,0.8450012107690176,sentence.3
406,9,2,3,0.8769960585567687,sentence.3
407,9,3,4,0.8921948158078723,sentence.3
408,9,4,5,0.895427382654614,sentence.3
409,9,5,6,0.8737027694781622,sentence.3
410,9,6,7,0.8834315339724222,sentence.3
411,9,7,8,0.8741536206669278,sentence.3
412,9,8,9,0.8648107945919037,sentence.3
413,9,9,10,0.8835228665007485,sentence.3
414,10,1,2,0.8224390695492426,sentence.3
415,10,2,3,0.8422104467948278,sentence.3
416,10,3,4,0.8692869577142928,sentence.3
417,10,4,5,0.8732473999261856,sentence.3
418,10,5,6,0.8502571963601642,sentence.3
419,10,6,7,0.8598898003498713,sentence.3
420,10,7,8,0.8437557932403352,sentence.3
421,10,8,9,0.839572442902459,sentence.3
422,10,9,10,0.854651477601793,sentence.3
423,11,1,2,0.7949996706512239,sentence.3
424,11,2,3,0.8033845441208946,sentence.3
425,11,3,4,0.8367528021335602,sentence.3
426,11,4,5,0.8333259142107434,sentence.3
427,11,5,6,0.8226131217347251,sentence.3
428,11,6,7,0.8483836766746309,sentence.3
429,11,7,8,0.7705682582325406,sentence.3
430,11,8,9,0.8085449967119429,sentence.3
431,11,9,10,0.7954166216982735,sentence.3
432,0,1,2,0.9877271602551142,sentence.4
433,0,2,3,0.9896095361974504,sentence.4
434,0,3,4,0.990645620557997,sentence.4
435,0,4,5,0.9900748365455203,sentence.4
436,0,5,6,0.9871890015072293,sentence.4
437,0,6,7,0.9881031546327803,sentence.4
438,0,7,8,0.9902132203181585,sentence.4
439,0,8,9,0.9885232432021035,sentence.4
440,0,9,10,0.9885888281795714,sentence.4
441,1,1,2,0.9864145434565015,sentence.4
442,1,2,3,0.9894040591186948,sentence.4
443,1,3,4,0.9895589583449893,sentence.4
444,1,4,5,0.9897066917684343,sentence.4
445,1,5,6,0.9874223619699478,sentence.4
446,1,6,7,0.9858926253186332,sentence.4
447,1,7,8,0.9889741539955139,sentence.4
448,1,8,9,0.9853478537665473,sentence.4
449,1,9,10,0.9854707800679736,sentence.4
450,2,1,2,0.9652659462557899,sentence.4
451,2,2,3,0.9738684892654419,sentence.4
452,2,3,4,0.9752499196264479,sentence.4
453,2,4,5,0.9816475080119239,sentence.4
454,2,5,6,0.9749747034576204,sentence.4
455,2,6,7,0.9732011159261068,sentence.4
456,2,7,8,0.9764248496956296,sentence.4
457,2,8,9,0.966204403175248,sentence.4
458,2,9,10,0.9724599123001099,sentence.4
459,3,1,2,0.9317722154988183,sentence.4
460,3,2,3,0.9618134978744719,sentence.4
461,3,3,4,0.9565147956212362,sentence.4
462,3,4,5,0.9652439951896667,sentence.4
463,3,5,6,0.9520167294475768,sentence.4
464,3,6,7,0.9566087656550937,sentence.4
465,3,7,8,0.9587785849968592,sentence.4
466,3,8,9,0.9499391201469634,sentence.4
467,3,9,10,0.9571813527080748,sentence.4
468,4,1,2,0.9120376971032884,sentence.4
469,4,2,3,0.9512687507602904,sentence.4
470,4,3,4,0.942615646455023,sentence.4
471,4,4,5,0.9572933829492993,sentence.4
472,4,5,6,0.9410089635186725,sentence.4
473,4,6,7,0.946876080499755,sentence.4
474,4,7,8,0.945376992225647,sentence.4
475,4,8,9,0.9406975209712982,sentence.4
476,4,9,10,0.9449166042937173,sentence.4
477,5,1,2,0.9002816379070282,sentence.4
478,5,2,3,0.9452370603879293,sentence.4
479,5,3,4,0.9343561132748922,sentence.4
480,5,4,5,0.9507940610249838,sentence.4
481,5,5,6,0.9317278034157224,sentence.4
482,5,6,7,0.9380962120162116,sentence.4
483,5,7,8,0.9323785205682119,sentence.4
484,5,8,9,0.9255279699961344,sentence.4
485,5,9,10,0.9321659621265199,sentence.4
486,6,1,2,0.8912129054466883,sentence.4
487,6,2,3,0.9317561901277966,sentence.4
488,6,3,4,0.9335407515366873,sentence.4
489,6,4,5,0.9425187657276789,sentence.4
490,6,5,6,0.9185629751947191,sentence.4
491,6,6,7,0.9286121726036072,sentence.4
492,6,7,8,0.921728543109364,sentence.4
493,6,8,9,0.9178932507832845,sentence.4
494,6,9,10,0.923585025800599,sentence.4
495,7,1,2,0.8754476871755388,sentence.4
496,7,2,3,0.9112068878279792,sentence.4
497,7,3,4,0.9171756075488197,sentence.4
498,7,4,5,0.9268897606266869,sentence.4
499,7,5,6,0.9060118893782297,sentence.4
500,7,6,7,0.9155352926916547,sentence.4
501,7,7,8,0.9122206171353658,sentence.4
502,7,8,9,0.9002887176142799,sentence.4
503,7,9,10,0.9124511314762963,sentence.4
504,8,1,2,0.8591332568062676,sentence.4
505,8,2,3,0.8887766698996226,sentence.4
506,8,3,4,0.9037120789289474,sentence.4
507,8,4,5,0.9047329707278146,sentence.4
508,8,5,6,0.8886085086398654,sentence.4
509,8,6,7,0.8950970454348458,sentence.4
510,8,7,8,0.8920088526275423,sentence.4
511,8,8,9,0.8816556053029166,sentence.4
512,8,9,10,0.8968214243650436,sentence.4
513,9,1,2,0.8283036400874456,sentence.4
514,9,2,3,0.8605571770005755,sentence.4
515,9,3,4,0.8872889065080218,sentence.4
516,9,4,5,0.8854972024758657,sentence.4
517,9,5,6,0.8706321948104434,sentence.4
518,9,6,7,0.877310143576728,sentence.4
519,9,7,8,0.8724931594398286,sentence.4
520,9,8,9,0.8618468294541041,sentence.4
521,9,9,10,0.8765137328041924,sentence.4
522,10,1,2,0.7956234233246909,sentence.4
523,10,2,3,0.8167243185970519,sentence.4
524,10,3,4,0.8546699666314654,sentence.4
525,10,4,5,0.8562494152122073,sentence.4
526,10,5,6,0.842889279127121,sentence.4
527,10,6,7,0.8494607822762595,sentence.4
528,10,7,8,0.8383042563994726,sentence.4
529,10,8,9,0.8312458511855867,sentence.4
530,10,9,10,0.8449752744701173,sentence.4
531,11,1,2,0.75825268526872,sentence.4
532,11,2,3,0.7610340151521895,sentence.4
533,11,3,4,0.8143064611487918,sentence.4
534,11,4,5,0.8078562368949255,sentence.4
535,11,5,6,0.8044533977905909,sentence.4
536,11,6,7,0.8329970637957255,sentence.4
537,11,7,8,0.7652098288138708,sentence.4
538,11,8,9,0.7927292154894935,sentence.4
539,11,9,10,0.7820577373107275,sentence.4
540,0,1,2,0.986743258105384,sentence.5
541,0,2,3,0.9893245862589942,sentence.5
542,0,3,4,0.9907594852977328,sentence.5
543,0,4,5,0.9904514335923724,sentence.5
544,0,5,6,0.9876329782936308,sentence.5
545,0,6,7,0.9887764437331094,sentence.5
546,0,7,8,0.9896845817565918,sentence.5
547,0,8,9,0.9875864585240682,sentence.5
548,0,9,10,0.9880297117763095,sentence.5
549,1,1,2,0.9855484035280015,sentence.5
550,1,2,3,0.9887892984681659,sentence.5
551,1,3,4,0.9895998537540436,sentence.5
552,1,4,5,0.9896697368886735,sentence.5
553,1,5,6,0.9873011393679513,sentence.5
554,1,6,7,0.9859517216682434,sentence.5
555,1,7,8,0.9886067824231254,sentence.5
556,1,8,9,0.9842454625500573,sentence.5
557,1,9,10,0.9849080029461119,sentence.5
558,2,1,2,0.9645454982916514,sentence.5
559,2,2,3,0.9735861255062951,sentence.5
560,2,3,4,0.9749694830841489,sentence.5
561,2,4,5,0.9811697817511029,sentence.5
562,2,5,6,0.9746750709083345,sentence.5
563,2,6,7,0.973337945010927,sentence.5
564,2,7,8,0.9758571171098285,sentence.5
565,2,8,9,0.9639063096708722,sentence.5
566,2,9,10,0.9716775715351105,sentence.5
567,3,1,2,0.9323412544197507,sentence.5
568,3,2,3,0.9617643621232774,sentence.5
569,3,3,4,0.95612899462382,sentence.5
570,3,4,5,0.9649580154154036,sentence.5
571,3,5,6,0.9519298805130852,sentence.5
572,3,6,7,0.9565862483448453,sentence.5
573,3,7,8,0.9584948172171911,sentence.5
574,3,8,9,0.9476773457394706,sentence.5
575,3,9,10,0.9563365115059747,sentence.5
576,4,1,2,0.9128029197454453,sentence.5
577,4,2,3,0.9519068168269263,sentence.5
578,4,3,4,0.943183152212037,sentence.5
579,4,4,5,0.9571823444631364,sentence.5
580,4,5,6,0.9408855769369338,sentence.5
581,4,6,7,0.9470777610937754,sentence.5
582,4,7,8,0.9453825039996041,sentence.5
583,4,8,9,0.9386015931765238,sentence.5
584,4,9,10,0.9441422323385874,sentence.5
585,5,1,2,0.901596736576822,sentence.5
586,5,2,3,0.9455777754386266,sentence.5
587,5,3,4,0.9340163949463103,sentence.5
588,5,4,5,0.9495702634255091,sentence.5
589,5,5,6,0.9300144612789154,sentence.5
590,5,6,7,0.9370110150840547,sentence.5
591,5,7,8,0.9317802058325874,sentence.5
592,5,8,9,0.9228257437547048,sentence.5
593,5,9,10,0.9307341244485643,sentence.5
594,6,1,2,0.89252184662554,sentence.5
595,6,2,3,0.9316628691222932,sentence.5
596,6,3,4,0.9329693963130316,sentence.5
597,6,4,5,0.9409619271755219,sentence.5
598,6,5,6,0.9141157368818918,sentence.5
599,6,6,7,0.9279415789577696,sentence.5
600,6,7,8,0.9219247334533267,sentence.5
601,6,8,9,0.9146512597799301,sentence.5
602,6,9,10,0.9217454079124663,sentence.5
603,7,1,2,0.8761732478936514,sentence.5
604,7,2,3,0.9104987382888794,sentence.5
605,7,3,4,0.9151094737980101,sentence.5
606,7,4,5,0.9243971953789393,sentence.5
607,7,5,6,0.9020271003246307,sentence.5
608,7,6,7,0.9149557881885104,sentence.5
609,7,7,8,0.9123794469568465,sentence.5
610,7,8,9,0.8969993243614832,sentence.5
611,7,9,10,0.9102528939644495,sentence.5
612,8,1,2,0.8597139749262068,sentence.5
613,8,2,3,0.8887301683425903,sentence.5
614,8,3,4,0.8987190706862344,sentence.5
615,8,4,5,0.9003794888655344,sentence.5
616,8,5,6,0.8834706809785631,sentence.5
617,8,6,7,0.894214991066191,sentence.5
618,8,7,8,0.8910005986690521,sentence.5
619,8,8,9,0.8790412611431546,sentence.5
620,8,9,10,0.8932902150683932,sentence.5
621,9,1,2,0.8283326576153437,sentence.5
622,9,2,3,0.8608166211181216,sentence.5
623,9,3,4,0.8810394671228197,sentence.5
624,9,4,5,0.8791216446293725,sentence.5
625,9,5,6,0.8630288309521146,sentence.5
626,9,6,7,0.8758715987205505,sentence.5
627,9,7,8,0.8705757624573178,sentence.5
628,9,8,9,0.8595105078485277,sentence.5
629,9,9,10,0.872963653670417,sentence.5
630,10,1,2,0.7961303061909146,sentence.5
631,10,2,3,0.8166767044199837,sentence.5
632,10,3,4,0.8468294441699982,sentence.5
633,10,4,5,0.8469243148962656,sentence.5
634,10,5,6,0.8347427563534843,sentence.5
635,10,6,7,0.8479822592602836,sentence.5
636,10,7,8,0.837790944510036,sentence.5
637,10,8,9,0.8295851482285393,sentence.5
638,10,9,10,0.8412986116276847,sentence.5
639,11,1,2,0.7619596355491214,sentence.5
640,11,2,3,0.7639894303348329,sentence.5
641,11,3,4,0.8005427569150925,sentence.5
642,11,4,5,0.7922566268179152,sentence.5
643,11,5,6,0.7923125922679901,sentence.5
644,11,6,7,0.8298754774861865,sentence.5
645,11,7,8,0.766599620381991,sentence.5
646,11,8,9,0.7875981330871582,sentence.5
647,11,9,10,0.7732769002517065,sentence.5
648,0,1,2,0.9889368431435691,sentence.6
649,0,2,3,0.9903910474644767,sentence.6
650,0,3,4,0.991289057665401,sentence.6
651,0,4,5,0.9907233268022537,sentence.6
652,0,5,6,0.9878974209229151,sentence.6
653,0,6,7,0.9892553355958726,sentence.6
654,0,7,8,0.9909484154648251,sentence.6
655,0,8,9,0.9890722218486998,sentence.6
656,0,9,10,0.9896262834469477,sentence.6
657,1,1,2,0.9885187711980608,sentence.6
658,1,2,3,0.9906855887836881,sentence.6
659,1,3,4,0.9907832774851058,sentence.6
660,1,4,5,0.991123734249009,sentence.6
661,1,5,6,0.9887692001130846,sentence.6
662,1,6,7,0.9873886919683881,sentence.6
663,1,7,8,0.9903924018144608,sentence.6
664,1,8,9,0.9867015265756183,sentence.6
665,1,9,10,0.9873708734909693,sentence.6
666,2,1,2,0.9709133472707536,sentence.6
667,2,2,3,0.977473732497957,sentence.6
668,2,3,4,0.9793798691696591,sentence.6
669,2,4,5,0.9842808561192619,sentence.6
670,2,5,6,0.9780524306827121,sentence.6
671,2,6,7,0.9763600809706582,sentence.6
672,2,7,8,0.9792354239357842,sentence.6
673,2,8,9,0.9689778056409624,sentence.6
674,2,9,10,0.9751316822237439,sentence.6
675,3,1,2,0.9417916254864799,sentence.6
676,3,2,3,0.9674759970770942,sentence.6
677,3,3,4,0.9622100061840482,sentence.6
678,3,4,5,0.9699269599384732,sentence.6
679,3,5,6,0.9588222205638885,sentence.6
680,3,6,7,0.9621516184674369,sentence.6
681,3,7,8,0.9652442104286618,sentence.6
682,3,8,9,0.9542603211270438,sentence.6
683,3,9,10,0.9612282183435228,sentence.6
684,4,1,2,0.9223628971311781,sentence.6
685,4,2,3,0.9576989478535123,sentence.6
686,4,3,4,0.9480314188533359,sentence.6
687,4,4,5,0.9623138954242071,sentence.6
688,4,5,6,0.9480558385451635,sentence.6
689,4,6,7,0.9537550508975983,sentence.6
690,4,7,8,0.9516981989145279,sentence.6
691,4,8,9,0.9460479915142059,sentence.6
692,4,9,10,0.9505965792470508,sentence.6
693,5,1,2,0.9115994605753157,sentence.6
694,5,2,3,0.9524735344780816,sentence.6
695,5,3,4,0.9394982606172562,sentence.6
696,5,4,5,0.955758563346333,sentence.6
697,5,5,6,0.9384337613979975,sentence.6
698,5,6,7,0.9423614160882102,sentence.6
699,5,7,8,0.9375928789377213,sentence.6
700,5,8,9,0.9317388236522675,sentence.6
701,5,9,10,0.9386465003093084,sentence.6
702,6,1,2,0.9045029646820493,sentence.6
703,6,2,3,0.9405394428306155,sentence.6
704,6,3,4,0.9378228551811643,sentence.6
705,6,4,5,0.9468831684854295,sentence.6
706,6,5,6,0.9248492800527148,sentence.6
707,6,6,7,0.9336060600148307,sentence.6
708,6,7,8,0.9280823535389371,sentence.6
709,6,8,9,0.9258279585176044,sentence.6
710,6,9,10,0.9288268321090274,sentence.6
711,7,1,2,0.889130809240871,sentence.6
712,7,2,3,0.9216161651743783,sentence.6
713,7,3,4,0.9219521582126617,sentence.6
714,7,4,5,0.9326099753379822,sentence.6
715,7,5,6,0.9150199393431345,sentence.6
716,7,6,7,0.9214482771025764,sentence.6
717,7,7,8,0.9183588988251157,sentence.6
718,7,8,9,0.9111790541145537,sentence.6
719,7,9,10,0.9179912375079261,sentence.6
720,8,1,2,0.8738586041662428,sentence.6
721,8,2,3,0.8996498121155633,sentence.6
722,8,3,4,0.9066743287775252,sentence.6
723,8,4,5,0.910647087626987,sentence.6
724,8,5,6,0.897760401169459,sentence.6
725,8,6,7,0.904254921608501,sentence.6
726,8,7,8,0.8978573365343941,sentence.6
727,8,8,9,0.890091684129503,sentence.6
728,8,9,10,0.9032172312339147,sentence.6
729,9,1,2,0.8425344510210885,sentence.6
730,9,2,3,0.8700393620464537,sentence.6
731,9,3,4,0.889513322048717,sentence.6
732,9,4,5,0.8907373564110862,sentence.6
733,9,5,6,0.8780732568767335,sentence.6
734,9,6,7,0.8888104624218411,sentence.6
735,9,7,8,0.8780423005421957,sentence.6
736,9,8,9,0.8733987990352843,sentence.6
737,9,9,10,0.8878319180674024,sentence.6
738,10,1,2,0.8113663875394397,sentence.6
739,10,2,3,0.8290578226248423,sentence.6
740,10,3,4,0.856367889377806,sentence.6
741,10,4,5,0.8573683351278305,sentence.6
742,10,5,6,0.8481663399272494,sentence.6
743,10,6,7,0.8630867352088293,sentence.6
744,10,7,8,0.8468458619382646,sentence.6
745,10,8,9,0.8471187469032075,sentence.6
746,10,9,10,0.8608064469363954,sentence.6
747,11,1,2,0.7742001016934713,sentence.6
748,11,2,3,0.7855609622266557,sentence.6
749,11,3,4,0.8069276362657547,sentence.6
750,11,4,5,0.7998492734299766,sentence.6
751,11,5,6,0.8046858939859602,sentence.6
752,11,6,7,0.8463739040825102,sentence.6
753,11,7,8,0.7848506155941222,sentence.6
754,11,8,9,0.8126375791099336,sentence.6
755,11,9,10,0.8175727741585838,sentence.6
756,0,1,2,0.9866036292579439,sentence.7
757,0,2,3,0.9891069051292207,sentence.7
758,0,3,4,0.9899999383423064,sentence.7
759,0,4,5,0.9894865618811713,sentence.7
760,0,5,6,0.986417669388983,sentence.7
761,0,6,7,0.9877022736602359,sentence.7
762,0,7,8,0.9894477112425698,sentence.7
763,0,8,9,0.9872962517870797,sentence.7
764,0,9,10,0.9877557307481766,sentence.7
765,1,1,2,0.9854702684614394,sentence.7
766,1,2,3,0.9886890384886,sentence.7
767,1,3,4,0.9888389143678877,sentence.7
768,1,4,5,0.9890400850110583,sentence.7
769,1,5,6,0.9869053148561053,sentence.7
770,1,6,7,0.9851277669270834,sentence.7
771,1,7,8,0.9883423993984858,sentence.7
772,1,8,9,0.9839827318986257,sentence.7
773,1,9,10,0.9843582659959793,sentence.7
774,2,1,2,0.9643698930740356,sentence.7
775,2,2,3,0.9737802545229594,sentence.7
776,2,3,4,0.9741898013485802,sentence.7
777,2,4,5,0.9809471683369743,sentence.7
778,2,5,6,0.9745378957854377,sentence.7
779,2,6,7,0.9718391795953115,sentence.7
780,2,7,8,0.9749765942494074,sentence.7
781,2,8,9,0.9633267505301369,sentence.7
782,2,9,10,0.9705089645253288,sentence.7
783,3,1,2,0.9324387311935425,sentence.7
784,3,2,3,0.9621608008941015,sentence.7
785,3,3,4,0.9553330060508516,sentence.7
786,3,4,5,0.9646982302268347,sentence.7
787,3,5,6,0.9514787842830023,sentence.7
788,3,6,7,0.955092633763949,sentence.7
789,3,7,8,0.9576865716112984,sentence.7
790,3,8,9,0.9462979651159711,sentence.7
791,3,9,10,0.9549093047777811,sentence.7
792,4,1,2,0.9128297931618161,sentence.7
793,4,2,3,0.9520613551139832,sentence.7
794,4,3,4,0.94212849272622,sentence.7
795,4,4,5,0.9571073535415862,sentence.7
796,4,5,6,0.9399188839726977,sentence.7
797,4,6,7,0.9461642305056254,sentence.7
798,4,7,8,0.9445857190423541,sentence.7
799,4,8,9,0.9372455726067225,sentence.7
800,4,9,10,0.9432433164781995,sentence.7
801,5,1,2,0.9004609800047345,sentence.7
802,5,2,3,0.9457201792134179,sentence.7
803,5,3,4,0.9323295073376762,sentence.7
804,5,4,5,0.949181917640898,sentence.7
805,5,5,6,0.9292352149883906,sentence.7
806,5,6,7,0.9359783331553141,sentence.7
807,5,7,8,0.93047024971909,sentence.7
808,5,8,9,0.9209694994820489,sentence.7
809,5,9,10,0.930106348461575,sentence.7
810,6,1,2,0.890825425585111,sentence.7
811,6,2,3,0.9325196726454629,sentence.7
812,6,3,4,0.9318222602208456,sentence.7
813,6,4,5,0.9395987590154012,sentence.7
814,6,5,6,0.9137004084057279,sentence.7
815,6,6,7,0.9261920303106308,sentence.7
816,6,7,8,0.9202052619722154,sentence.7
817,6,8,9,0.9118986891375648,sentence.7
818,6,9,10,0.9209860977199342,sentence.7
819,7,1,2,0.8747165285878711,sentence.7
820,7,2,3,0.9116327845387988,sentence.7
821,7,3,4,0.914448877175649,sentence.7
822,7,4,5,0.9242748353216383,sentence.7
823,7,5,6,0.9028544508748584,sentence.7
824,7,6,7,0.9137487212816874,sentence.7
825,7,7,8,0.9098808997207217,sentence.7
826,7,8,9,0.893795026673211,sentence.7
827,7,9,10,0.9091917657189899,sentence.7
828,8,1,2,0.8574488427903917,sentence.7
829,8,2,3,0.8885610186391406,sentence.7
830,8,3,4,0.8992676619026396,sentence.7
831,8,4,5,0.9012808352708817,sentence.7
832,8,5,6,0.8862090971734788,sentence.7
833,8,6,7,0.8936331818501154,sentence.7
834,8,7,8,0.8886209080616633,sentence.7
835,8,8,9,0.8742212769058015,sentence.7
836,8,9,10,0.8907506151331795,sentence.7
837,9,1,2,0.824972637825542,sentence.7
838,9,2,3,0.8593892157077789,sentence.7
839,9,3,4,0.8822927789555656,sentence.7
840,9,4,5,0.8803359319766363,sentence.7
841,9,5,6,0.8657545695702235,sentence.7
842,9,6,7,0.8757714033126831,sentence.7
843,9,7,8,0.8686910039848752,sentence.7
844,9,8,9,0.8550602379772398,sentence.7
845,9,9,10,0.8695048441489538,sentence.7
846,10,1,2,0.7913036975595686,sentence.7
847,10,2,3,0.8144034395615259,sentence.7
848,10,3,4,0.8485760688781738,sentence.7
849,10,4,5,0.8491547488503985,sentence.7
850,10,5,6,0.8363989740610123,sentence.7
851,10,6,7,0.8482464171118207,sentence.7
852,10,7,8,0.8354577438698875,sentence.7
853,10,8,9,0.8255255818367004,sentence.7
854,10,9,10,0.8375929362244077,sentence.7
855,11,1,2,0.7564029610819287,sentence.7
856,11,2,3,0.7600031875901752,sentence.7
857,11,3,4,0.8040976590580411,sentence.7
858,11,4,5,0.7986976123518414,sentence.7
859,11,5,6,0.7987186743153466,sentence.7
860,11,6,7,0.8312125735812717,sentence.7
861,11,7,8,0.7629711909426583,sentence.7
862,11,8,9,0.7853937099377314,sentence.7
863,11,9,10,0.769039155708419,sentence.7
864,0,1,2,0.9866127173105875,sentence.8
865,0,2,3,0.9891006333960427,sentence.8
866,0,3,4,0.9901169886191686,sentence.8
867,0,4,5,0.9898903369903564,sentence.8
868,0,5,6,0.9868156181441413,sentence.8
869,0,6,7,0.98760976559586,sentence.8
870,0,7,8,0.9899988853269153,sentence.8
871,0,8,9,0.9877213223112954,sentence.8
872,0,9,10,0.9878838857014974,sentence.8
873,1,1,2,0.9853175464603636,sentence.8
874,1,2,3,0.9887257003121905,sentence.8
875,1,3,4,0.9887756920523114,sentence.8
876,1,4,5,0.9892748461829292,sentence.8
877,1,5,6,0.9869293967882792,sentence.8
878,1,6,7,0.9851418568028344,sentence.8
879,1,7,8,0.988690099782414,sentence.8
880,1,8,9,0.9842038104931513,sentence.8
881,1,9,10,0.9846040275361803,sentence.8
882,2,1,2,0.9634744309716754,sentence.8
883,2,2,3,0.9733523693349626,sentence.8
884,2,3,4,0.9742784467008379,sentence.8
885,2,4,5,0.9810115529431237,sentence.8
886,2,5,6,0.9741830494668748,sentence.8
887,2,6,7,0.9720817423529096,sentence.8
888,2,7,8,0.9755919857157601,sentence.8
889,2,8,9,0.9629491617282232,sentence.8
890,2,9,10,0.9701279484563403,sentence.8
891,3,1,2,0.9304260611534119,sentence.8
892,3,2,3,0.9612296422322592,sentence.8
893,3,3,4,0.9556250224510828,sentence.8
894,3,4,5,0.9653511808978187,sentence.8
895,3,5,6,0.9524256669812732,sentence.8
896,3,6,7,0.9567050668928359,sentence.8
897,3,7,8,0.9589866697788239,sentence.8
898,3,8,9,0.9461049652761884,sentence.8
899,3,9,10,0.9544177717632718,sentence.8
900,4,1,2,0.9119244664907455,sentence.8
901,4,2,3,0.9516827348205779,sentence.8
902,4,3,4,0.9423993892139859,sentence.8
903,4,4,5,0.9571374141507678,sentence.8
904,4,5,6,0.9406712883048587,sentence.8
905,4,6,7,0.9473276005850898,sentence.8
906,4,7,8,0.9454128990570704,sentence.8
907,4,8,9,0.9365689009428024,sentence.8
908,4,9,10,0.9435263723134995,sentence.8
909,5,1,2,0.8986765295267105,sentence.8
910,5,2,3,0.9456294361088011,sentence.8
911,5,3,4,0.9331643366151385,sentence.8
912,5,4,5,0.9495933618810442,sentence.8
913,5,5,6,0.930775041381518,sentence.8
914,5,6,7,0.9373388406303194,sentence.8
915,5,7,8,0.9318273564179739,sentence.8
916,5,8,9,0.9199167109198041,sentence.8
917,5,9,10,0.9295513547129102,sentence.8
918,6,1,2,0.8888671298821768,sentence.8
919,6,2,3,0.9316733777523041,sentence.8
920,6,3,4,0.9320420407586627,sentence.8
921,6,4,5,0.9408247023820877,sentence.8
922,6,5,6,0.9161724862125185,sentence.8
923,6,6,7,0.9277584751447042,sentence.8
924,6,7,8,0.9206878162092633,sentence.8
925,6,8,9,0.9117402417792214,sentence.8
926,6,9,10,0.9202309399843216,sentence.8
927,7,1,2,0.8728573438194063,sentence.8
928,7,2,3,0.9112510333458582,sentence.8
929,7,3,4,0.9142201741536459,sentence.8
930,7,4,5,0.9249319401052263,sentence.8
931,7,5,6,0.9048968884680006,sentence.8
932,7,6,7,0.915307480427954,sentence.8
933,7,7,8,0.9107336964872148,sentence.8
934,7,8,9,0.8932125866413116,sentence.8
935,7,9,10,0.9085697366131676,sentence.8
936,8,1,2,0.8550910469558504,sentence.8
937,8,2,3,0.8884102718697654,sentence.8
938,8,3,4,0.8983102656073041,sentence.8
939,8,4,5,0.9015257176425722,sentence.8
940,8,5,6,0.8874453057845434,sentence.8
941,8,6,7,0.8964722636673186,sentence.8
942,8,7,8,0.8895035203960207,sentence.8
943,8,8,9,0.8732707831594679,sentence.8
944,8,9,10,0.8897710773679945,sentence.8
945,9,1,2,0.8222127242220773,sentence.8
946,9,2,3,0.8596322238445282,sentence.8
947,9,3,4,0.8821354491843117,sentence.8
948,9,4,5,0.8802577389611138,sentence.8
949,9,5,6,0.8674391474988725,sentence.8
950,9,6,7,0.8799802594714694,sentence.8
951,9,7,8,0.8694610049327215,sentence.8
952,9,8,9,0.8541234615776274,sentence.8
953,9,9,10,0.8685130261712604,sentence.8
954,10,1,2,0.7887635628382365,sentence.8
955,10,2,3,0.8164709210395813,sentence.8
956,10,3,4,0.8490253984928131,sentence.8
957,10,4,5,0.8493676135937372,sentence.8
958,10,5,6,0.8396453311045965,sentence.8
959,10,6,7,0.8542581051588058,sentence.8
960,10,7,8,0.8337006999386681,sentence.8
961,10,8,9,0.823357363541921,sentence.8
962,10,9,10,0.8373694287406074,sentence.8
963,11,1,2,0.7541551126374139,sentence.8
964,11,2,3,0.761521726846695,sentence.8
965,11,3,4,0.8036103943983713,sentence.8
966,11,4,5,0.7971925503677793,sentence.8
967,11,5,6,0.7983219855361514,sentence.8
968,11,6,7,0.8416973054409027,sentence.8
969,11,7,8,0.7604291521840625,sentence.8
970,11,8,9,0.7821335858768887,sentence.8
971,11,9,10,0.7703152365154691,sentence.8
972,0,1,2,0.9877004391617246,sentence.9
973,0,2,3,0.9897410058312945,sentence.9
974,0,3,4,0.9902478473054038,sentence.9
975,0,4,5,0.9898096786604987,sentence.9
976,0,5,6,0.9869933393266466,sentence.9
977,0,6,7,0.9879262894392014,sentence.9
978,0,7,8,0.9897958619727029,sentence.9
979,0,8,9,0.9879473778936598,sentence.9
980,0,9,10,0.9876777960194482,sentence.9
981,1,1,2,0.9863171229759852,sentence.9
982,1,2,3,0.9890001002285216,sentence.9
983,1,3,4,0.9888797915644116,sentence.9
984,1,4,5,0.9892429444524977,sentence.9
985,1,5,6,0.9870801485247083,sentence.9
986,1,6,7,0.9854219423400031,sentence.9
987,1,7,8,0.9886395169628991,sentence.9
988,1,8,9,0.9846735861566331,sentence.9
989,1,9,10,0.9842917935715781,sentence.9
990,2,1,2,0.965020466181967,sentence.9
991,2,2,3,0.9732519686222076,sentence.9
992,2,3,4,0.974349684185452,sentence.9
993,2,4,5,0.9809411830372281,sentence.9
994,2,5,6,0.9747356888320711,sentence.9
995,2,6,7,0.9722787539164225,sentence.9
996,2,7,8,0.975390805138482,sentence.9
997,2,8,9,0.9637420607937707,sentence.9
998,2,9,10,0.9703935500648286,sentence.9
999,3,1,2,0.9334413177437253,sentence.9
1000,3,2,3,0.9610913644234339,sentence.9
1001,3,3,4,0.9553864598274231,sentence.9
1002,3,4,5,0.9642391453186671,sentence.9
1003,3,5,6,0.9514930927091174,sentence.9
1004,3,6,7,0.9560752643479241,sentence.9
1005,3,7,8,0.9579808728562461,sentence.9
1006,3,8,9,0.946661545170678,sentence.9
1007,3,9,10,0.95461648537053,sentence.9
1008,4,1,2,0.9120512240462832,sentence.9
1009,4,2,3,0.951159718963835,sentence.9
1010,4,3,4,0.9418683581882052,sentence.9
1011,4,4,5,0.956336937016911,sentence.9
1012,4,5,6,0.9406580858760409,sentence.9
1013,4,6,7,0.9466240952412287,sentence.9
1014,4,7,8,0.9447055094771915,sentence.9
1015,4,8,9,0.9373428655995263,sentence.9
1016,4,9,10,0.943309861752722,sentence.9
1017,5,1,2,0.901920638150639,sentence.9
1018,5,2,3,0.9442718360159132,sentence.9
1019,5,3,4,0.9338196234570609,sentence.9
1020,5,4,5,0.9483066035641564,sentence.9
1021,5,5,6,0.9303488300906287,sentence.9
1022,5,6,7,0.9364360123872757,sentence.9
1023,5,7,8,0.9326395160622067,sentence.9
1024,5,8,9,0.9218281143241458,sentence.9
1025,5,9,10,0.9302647329039044,sentence.9
1026,6,1,2,0.892996276418368,sentence.9
1027,6,2,3,0.9307367073165046,sentence.9
1028,6,3,4,0.9342971659368939,sentence.9
1029,6,4,5,0.939006475938691,sentence.9
1030,6,5,6,0.9150592386722565,sentence.9
1031,6,6,7,0.9269420835706923,sentence.9
1032,6,7,8,0.9218935039308336,sentence.9
1033,6,8,9,0.9142955607838101,sentence.9
1034,6,9,10,0.9214294221666124,sentence.9
1035,7,1,2,0.8767619911167357,sentence.9
1036,7,2,3,0.9105491903093126,sentence.9
1037,7,3,4,0.9168740444713168,sentence.9
1038,7,4,5,0.9227275666263368,sentence.9
1039,7,5,6,0.9045990937285953,sentence.9
1040,7,6,7,0.91430421339141,sentence.9
1041,7,7,8,0.9119075801637437,sentence.9
1042,7,8,9,0.8972213731871711,sentence.9
1043,7,9,10,0.9096545875072479,sentence.9
1044,8,1,2,0.8615219907628165,sentence.9
1045,8,2,3,0.8878708779811859,sentence.9
1046,8,3,4,0.900371155805058,sentence.9
1047,8,4,5,0.8986318707466125,sentence.9
1048,8,5,6,0.8867864890231026,sentence.9
1049,8,6,7,0.8944714797867669,sentence.9
1050,8,7,8,0.8904524412420061,sentence.9
1051,8,8,9,0.8785915639665391,sentence.9
1052,8,9,10,0.8915883633825514,sentence.9
1053,9,1,2,0.8310170090860791,sentence.9
1054,9,2,3,0.8586867666906781,sentence.9
1055,9,3,4,0.8839381304052141,sentence.9
1056,9,4,5,0.8769883347882165,sentence.9
1057,9,5,6,0.8671415381961398,sentence.9
1058,9,6,7,0.8775481498903699,sentence.9
1059,9,7,8,0.8724915964735879,sentence.9
1060,9,8,9,0.8608596954080794,sentence.9
1061,9,9,10,0.8714045998122957,sentence.9
1062,10,1,2,0.8019471731450822,sentence.9
1063,10,2,3,0.8144724749856525,sentence.9
1064,10,3,4,0.849843324886428,sentence.9
1065,10,4,5,0.8458670377731323,sentence.9
1066,10,5,6,0.8384003871017032,sentence.9
1067,10,6,7,0.8486939039495256,sentence.9
1068,10,7,8,0.8385739144351747,sentence.9
1069,10,8,9,0.8322737101051543,sentence.9
1070,10,9,10,0.8387420210573409,sentence.9
1071,11,1,2,0.8031938109132979,sentence.9
1072,11,2,3,0.7623572945594788,sentence.9
1073,11,3,4,0.8027642518281937,sentence.9
1074,11,4,5,0.7920379208193885,sentence.9
1075,11,5,6,0.7979854593674341,sentence.9
1076,11,6,7,0.8333871265252432,sentence.9
1077,11,7,8,0.7669266296757592,sentence.9
1078,11,8,9,0.7925815582275391,sentence.9
1079,11,9,10,0.7680352363321516,sentence.9
