layer,total_components,pc1,pc2,pc3,pc4,pc5,pc6,pc7,pc8,pc9,pc10,k85,k90,k95,left_out
0,81,0.2192312628030777,0.18948237597942352,0.16377994418144226,0.12150366604328156,0.10728228837251663,0.09014986455440521,0.0544171966612339,0.022427918389439583,0.008474936708807945,0.004306127782911062,6,7,8,sentence.1
1,81,0.2500215470790863,0.180375874042511,0.15770994126796722,0.1101955845952034,0.09718085080385208,0.08161362260580063,0.04883045330643654,0.01996428892016411,0.009190252050757408,0.006480570416897535,6,7,9,sentence.1
2,81,0.20931215584278107,0.1877284049987793,0.1767687201499939,0.1115526333451271,0.09626767784357071,0.08013340085744858,0.05193440616130829,0.020027829334139824,0.008058040402829647,0.006374675314873457,6,7,11,sentence.1
3,81,0.20406140387058258,0.1843436360359192,0.16516263782978058,0.1149299219250679,0.09190589934587479,0.07491608709096909,0.05240573734045029,0.021509278565645218,0.01651640795171261,0.0068776351399719715,7,8,14,sentence.1
4,81,0.2121848315000534,0.18165522813796997,0.15586858987808228,0.12991853058338165,0.08775173127651215,0.07448909431695938,0.05391678586602211,0.020193906500935555,0.010745489038527012,0.0067574274726212025,7,8,14,sentence.1
5,81,0.21715208888053894,0.196482315659523,0.14120908081531525,0.13214771449565887,0.08460164815187454,0.06561265885829926,0.05248105898499489,0.021208176389336586,0.010076728649437428,0.006761582568287849,7,8,15,sentence.1
6,81,0.23441439867019653,0.19116199016571045,0.1389482468366623,0.12251760810613632,0.08133391290903091,0.0629996657371521,0.049862440675497055,0.021752262488007545,0.008962664753198624,0.007541213650256395,7,8,16,sentence.1
7,81,0.24099573493003845,0.17325209081172943,0.13805453479290009,0.12522843480110168,0.07750926911830902,0.06057565659284592,0.05357896909117699,0.026367774233222008,0.00965047162026167,0.008378474973142147,7,9,18,sentence.1
8,81,0.23207032680511475,0.17854681611061096,0.1592991054058075,0.10671332478523254,0.07114265114068985,0.06129106134176254,0.04416327178478241,0.02508716471493244,0.012358877807855606,0.009768359363079071,7,10,20,sentence.1
9,81,0.24006755650043488,0.1730765998363495,0.13655900955200195,0.1214577704668045,0.06584984809160233,0.05430086702108383,0.040807031095027924,0.025116166099905968,0.01540854386985302,0.012277623638510704,8,12,22,sentence.1
10,81,0.2544400691986084,0.19832631945610046,0.13192643225193024,0.10581419616937637,0.051160793751478195,0.046892471611499786,0.0404607318341732,0.030081894248723984,0.016232606023550034,0.012324368581175804,8,12,21,sentence.1
11,81,0.7408782839775085,0.051264870911836624,0.04469858482480049,0.03593862056732178,0.02304520085453987,0.01912427879869938,0.015165070071816444,0.009620466269552708,0.005839544348418713,0.004678153432905674,4,6,10,sentence.1
0,81,0.21930977702140808,0.18928192555904388,0.16366639733314514,0.1215951144695282,0.10734707862138748,0.09010172635316849,0.054510921239852905,0.022458747029304504,0.008581099100410938,0.004552918951958418,6,7,8,sentence.10
1,81,0.2535476088523865,0.179212287068367,0.1566774547100067,0.1093786209821701,0.09665238112211227,0.08090289682149887,0.04861752688884735,0.01995171420276165,0.009976664558053017,0.006635751575231552,6,7,9,sentence.10
2,81,0.21020731329917908,0.18734955787658691,0.1770409345626831,0.11133348941802979,0.09589337557554245,0.07970401644706726,0.05176582932472229,0.019993139430880547,0.00830923207104206,0.006512502674013376,6,7,11,sentence.10
3,81,0.20479632914066315,0.18414141237735748,0.16562394797801971,0.11490099132061005,0.09187217801809311,0.07498657703399658,0.05201880633831024,0.021623166278004646,0.016095245257019997,0.006846667733043432,7,8,14,sentence.10
4,81,0.21334050595760345,0.18218114972114563,0.15553055703639984,0.1295129805803299,0.08790350705385208,0.0744355097413063,0.05368395894765854,0.02033679187297821,0.010349605232477188,0.006918609607964754,7,8,14,sentence.10
5,81,0.2171425074338913,0.19790180027484894,0.14121361076831818,0.13202349841594696,0.08467868715524673,0.06545781344175339,0.05246461182832718,0.021338650956749916,0.01008120458573103,0.006645414978265762,7,8,15,sentence.10
6,81,0.23431766033172607,0.19230836629867554,0.13960090279579163,0.12208686023950577,0.08108843117952347,0.06249067187309265,0.050182558596134186,0.02203444391489029,0.008830650709569454,0.007602544967085123,7,8,16,sentence.10
7,81,0.24140729010105133,0.1739886999130249,0.138331800699234,0.12528491020202637,0.07746414095163345,0.060530491173267365,0.05384710803627968,0.02677759900689125,0.009524849243462086,0.008339391089975834,7,9,17,sentence.10
8,81,0.2304050475358963,0.18065865337848663,0.16019375622272491,0.10680282115936279,0.07162261754274368,0.061540387570858,0.04379665479063988,0.025663169100880623,0.012346861883997917,0.0095667764544487,7,10,19,sentence.10
9,81,0.24011068046092987,0.1743430495262146,0.1379161924123764,0.12145204842090607,0.06598907709121704,0.05476624146103859,0.04043632373213768,0.025645315647125244,0.014990168623626232,0.012333142571151257,8,12,21,sentence.10
10,81,0.260090708732605,0.19659538567066193,0.13248537480831146,0.10574319958686829,0.051231130957603455,0.04675977677106857,0.03909004479646683,0.03105231188237667,0.01663176715373993,0.011414224281907082,8,11,21,sentence.10
11,81,0.7416635751724243,0.051542017608881,0.04501175135374069,0.036052484065294266,0.023118246346712112,0.018932605162262917,0.01513510663062334,0.009659961797297001,0.005717059131711721,0.004659507889300585,4,6,10,sentence.10
0,81,0.21908415853977203,0.18892335891723633,0.1640440970659256,0.12171018123626709,0.10726246982812881,0.090059794485569,0.05439555272459984,0.022340869531035423,0.008083094842731953,0.004460321273654699,6,7,8,sentence.2
1,81,0.25582778453826904,0.17813627421855927,0.15646377205848694,0.10996431857347488,0.09620656073093414,0.0801306962966919,0.04836162552237511,0.019659873098134995,0.00940133910626173,0.006138271652162075,6,7,9,sentence.2
2,81,0.21213005483150482,0.18756848573684692,0.1747772991657257,0.11178189516067505,0.09553203731775284,0.07887578755617142,0.051698509603738785,0.01981450244784355,0.008518079295754433,0.006340249441564083,6,7,11,sentence.2
3,81,0.20429927110671997,0.1883580982685089,0.16351160407066345,0.11454126238822937,0.09130653738975525,0.07344082742929459,0.052177440375089645,0.021218761801719666,0.01633952371776104,0.007243175990879536,7,8,14,sentence.2
4,81,0.21203872561454773,0.18010076880455017,0.15718571841716766,0.13005006313323975,0.08816587179899216,0.07349827885627747,0.053650032728910446,0.020081687718629837,0.011115405708551407,0.006672297604382038,7,8,14,sentence.2
5,81,0.2168312519788742,0.1947052925825119,0.14270047843456268,0.13285426795482635,0.08565237373113632,0.06506960093975067,0.05217656493186951,0.02093852125108242,0.009594099596142769,0.007595341186970472,7,8,15,sentence.2
6,81,0.2379569411277771,0.18896767497062683,0.13957010209560394,0.12134411185979843,0.08178073912858963,0.06225646659731865,0.05014418810606003,0.02134152501821518,0.008568456396460533,0.008022393099963665,7,8,16,sentence.2
7,81,0.24298261106014252,0.17105762660503387,0.13940736651420593,0.12440494447946548,0.07817751169204712,0.06079533323645592,0.05339975282549858,0.025672849267721176,0.009927935898303986,0.008106499910354614,7,9,17,sentence.2
8,81,0.23660366237163544,0.17368382215499878,0.15983295440673828,0.10524924844503403,0.07198871672153473,0.061602819710969925,0.04437559098005295,0.02452889457345009,0.013266426511108875,0.010108544491231441,7,10,19,sentence.2
9,81,0.2526445686817169,0.17107267677783966,0.13245804607868195,0.11744072288274765,0.06603991985321045,0.05466672405600548,0.039802126586437225,0.024357091635465622,0.01596822962164879,0.011889292858541012,8,12,21,sentence.2
10,81,0.25500884652137756,0.1983771026134491,0.13626743853092194,0.10136781632900238,0.05025031790137291,0.04752954840660095,0.03776843473315239,0.0321895070374012,0.017666475847363472,0.012602965347468853,8,12,21,sentence.2
11,81,0.7542789578437805,0.04992212355136871,0.041676223278045654,0.03325200080871582,0.021819857880473137,0.018396854400634766,0.014576545916497707,0.008757968433201313,0.005864245817065239,0.004595271311700344,4,5,10,sentence.2
0,81,0.21988685429096222,0.18932165205478668,0.16373273730278015,0.12165874987840652,0.10724514722824097,0.09047918021678925,0.05460347607731819,0.022469060495495796,0.009144864976406097,0.003914998844265938,6,7,8,sentence.3
1,81,0.2537340223789215,0.1789446324110031,0.15762582421302795,0.10959724336862564,0.09610703587532043,0.08204857259988785,0.048387497663497925,0.019874485209584236,0.010471446439623833,0.006612914148718119,6,7,9,sentence.3
2,81,0.21035854518413544,0.18837970495224,0.1764582097530365,0.11201656609773636,0.09489350765943527,0.07975904643535614,0.05184744670987129,0.01989045739173889,0.009351830929517746,0.007103202864527702,6,7,10,sentence.3
3,81,0.20435674488544464,0.18648017942905426,0.16426540911197662,0.11550953984260559,0.09044257551431656,0.0739097148180008,0.052337709814310074,0.021326927468180656,0.01842390187084675,0.007192657794803381,7,8,13,sentence.3
4,81,0.21241700649261475,0.1812921017408371,0.15579316020011902,0.1304977685213089,0.08690369874238968,0.07412531971931458,0.05373169481754303,0.020296406000852585,0.012074578553438187,0.007320280186831951,7,8,13,sentence.3
5,81,0.2176063060760498,0.1952763944864273,0.14248548448085785,0.13196077942848206,0.08395353704690933,0.06510845571756363,0.05275195091962814,0.021391626447439194,0.010285727679729462,0.00758390361443162,7,8,14,sentence.3
6,81,0.23197384178638458,0.19240236282348633,0.14148566126823425,0.1217368096113205,0.08098666369915009,0.06244659051299095,0.050724323838949203,0.022043323144316673,0.009464586153626442,0.007562410086393356,7,8,16,sentence.3
7,81,0.24042104184627533,0.17480894923210144,0.13916943967342377,0.12392141669988632,0.07743970304727554,0.06054593250155449,0.05316934362053871,0.026520121842622757,0.01059323363006115,0.008550053462386131,7,9,17,sentence.3
8,81,0.23396268486976624,0.17628425359725952,0.1615336537361145,0.10470131784677505,0.07079466432332993,0.06111312657594681,0.04376338794827461,0.02562393993139267,0.013979492709040642,0.010047935880720615,7,10,19,sentence.3
9,81,0.25172773003578186,0.17175306379795074,0.1350564956665039,0.11945057660341263,0.062101785093545914,0.05440463870763779,0.03977428376674652,0.02557269111275673,0.016855452209711075,0.011824822053313255,8,12,21,sentence.3
10,81,0.2561344802379608,0.19953303039073944,0.1312979906797409,0.10329178720712662,0.050600383430719376,0.046794336289167404,0.039885472506284714,0.030791504308581352,0.018489891663193703,0.012165413238108158,8,12,21,sentence.3
11,81,0.7559252381324768,0.04871561378240585,0.041449520736932755,0.033464450389146805,0.02201337367296219,0.018067367374897003,0.014093474484980106,0.008912649936974049,0.006271510384976864,0.004634283483028412,4,5,10,sentence.3
0,81,0.21907886862754822,0.18918147683143616,0.1637638807296753,0.12194979190826416,0.10716570168733597,0.08994042873382568,0.05436981841921806,0.022374670952558517,0.00786062516272068,0.0045819696970283985,6,7,8,sentence.4
1,81,0.25860074162483215,0.17800045013427734,0.15598496794700623,0.10979407280683517,0.09590274840593338,0.08021571487188339,0.0481453500688076,0.019691050052642822,0.008928618393838406,0.006084216292947531,6,7,9,sentence.4
2,81,0.21361087262630463,0.18699687719345093,0.1749095767736435,0.11216087639331818,0.09556695073843002,0.07886026054620743,0.051370009779930115,0.019820205867290497,0.008054424077272415,0.006355918478220701,6,7,11,sentence.4
3,81,0.20452870428562164,0.18841025233268738,0.1640302687883377,0.11475522071123123,0.09106876701116562,0.07362956553697586,0.0518665574491024,0.02137412130832672,0.01587465964257717,0.007233807817101479,7,8,14,sentence.4
4,81,0.21237078309059143,0.1812196522951126,0.15719032287597656,0.13007867336273193,0.08759693801403046,0.07363997399806976,0.05346689000725746,0.020303303375840187,0.010469246655702591,0.006556159351021051,7,8,14,sentence.4
5,81,0.21802757680416107,0.19449645280838013,0.14202827215194702,0.1328284740447998,0.08483418077230453,0.06503602117300034,0.05223644897341728,0.021140078082680702,0.00958753190934658,0.007212032563984394,7,8,15,sentence.4
6,81,0.23791711032390594,0.1890757977962494,0.1396643966436386,0.1206628829240799,0.08084903657436371,0.06227888539433479,0.05059266462922096,0.02187599241733551,0.008738928474485874,0.008089125156402588,7,8,16,sentence.4
7,81,0.24535222351551056,0.17121398448944092,0.1390829086303711,0.12386643141508102,0.07728919386863708,0.060405246913433075,0.05313844978809357,0.026299338787794113,0.009191250428557396,0.008315516635775566,7,9,17,sentence.4
8,81,0.23901917040348053,0.17467737197875977,0.1601058840751648,0.10482966154813766,0.07148254662752151,0.06108340993523598,0.043987173587083817,0.02458217740058899,0.012605350464582443,0.010002157650887966,7,10,19,sentence.4
9,81,0.2543817460536957,0.17201341688632965,0.1321956217288971,0.11890436708927155,0.06428059935569763,0.053798824548721313,0.03924799710512161,0.023639995604753494,0.015743741765618324,0.012237761169672012,8,12,21,sentence.4
10,81,0.256599098443985,0.1965266615152359,0.13673295080661774,0.10145038366317749,0.04949193820357323,0.047272130846977234,0.03692583739757538,0.031200025230646133,0.017642615363001823,0.012723634019494057,8,12,21,sentence.4
11,81,0.7596228718757629,0.049048129469156265,0.041146937757730484,0.032269079238176346,0.021087003871798515,0.01766354963183403,0.013852710835635662,0.00843896809965372,0.005719773471355438,0.004407083615660667,4,5,10,sentence.4
0,81,0.21978265047073364,0.18955329060554504,0.16353684663772583,0.12176423519849777,0.10744165629148483,0.09026577323675156,0.054511770606040955,0.022419849410653114,0.008700164034962654,0.0046396744437515736,6,7,8,sentence.5
1,81,0.25111639499664307,0.1803825944662094,0.15713061392307281,0.11041596531867981,0.09721820801496506,0.08150973170995712,0.048997052013874054,0.020074782893061638,0.00971281062811613,0.006884587462991476,6,7,9,sentence.5
2,81,0.21092547476291656,0.18740738928318024,0.17664283514022827,0.111915223300457,0.0959279015660286,0.07953695207834244,0.052226919680833817,0.020100096240639687,0.009074057452380657,0.006832017097622156,6,7,10,sentence.5
3,81,0.20449134707450867,0.1860123872756958,0.16570457816123962,0.11510783433914185,0.09140332043170929,0.07445850223302841,0.05296991765499115,0.021633781492710114,0.017503853887319565,0.0072966027073562145,7,8,13,sentence.5
4,81,0.2128344625234604,0.18167585134506226,0.1567586362361908,0.1291268914937973,0.08810682594776154,0.07418762892484665,0.05437670648097992,0.02040492370724678,0.011606293730437756,0.007062743883579969,7,8,13,sentence.5
5,81,0.21922950446605682,0.19612498581409454,0.14220526814460754,0.1309545338153839,0.08486087620258331,0.06522725522518158,0.05313030630350113,0.021483682096004486,0.009650981985032558,0.007552234455943108,7,8,14,sentence.5
6,81,0.23561681807041168,0.19171811640262604,0.13803452253341675,0.12224248796701431,0.08170543611049652,0.062432460486888885,0.050913576036691666,0.02222919836640358,0.009527879767119884,0.007971717976033688,7,8,15,sentence.5
7,81,0.24384839832782745,0.17423059046268463,0.13588881492614746,0.12494782358407974,0.07765750586986542,0.06047604978084564,0.05425470322370529,0.02712753787636757,0.010321700014173985,0.008266467601060867,7,9,16,sentence.5
8,81,0.2356448918581009,0.17454147338867188,0.16029419004917145,0.10702359676361084,0.07197708636522293,0.0610954612493515,0.04478458687663078,0.0256524458527565,0.014106021262705326,0.01009567640721798,7,10,18,sentence.5
9,81,0.24506543576717377,0.17372386157512665,0.13629412651062012,0.12100383639335632,0.06480567157268524,0.054911889135837555,0.04101366549730301,0.025851119309663773,0.01688459888100624,0.011461781337857246,8,11,20,sentence.5
10,81,0.25641733407974243,0.19932883977890015,0.13230447471141815,0.10581932961940765,0.05076891556382179,0.0476713590323925,0.03972027078270912,0.031053025275468826,0.017876561731100082,0.012680220417678356,8,11,20,sentence.5
11,81,0.7466797828674316,0.05087539926171303,0.04305565357208252,0.03565377742052078,0.023135598748922348,0.018891191110014915,0.01509175542742014,0.009709477424621582,0.00648853974416852,0.004855989012867212,4,6,10,sentence.5
0,81,0.21890321373939514,0.18929997086524963,0.1640859693288803,0.12191756814718246,0.10728055238723755,0.09001261740922928,0.05447660759091377,0.022373609244823456,0.0074871983379125595,0.004633703269064426,6,7,8,sentence.6
1,81,0.25934574007987976,0.17784298956394196,0.1561128944158554,0.10958702117204666,0.095925472676754,0.0802445113658905,0.048205457627773285,0.019675008952617645,0.008765773847699165,0.006113521754741669,6,7,9,sentence.6
2,81,0.21371017396450043,0.18826310336589813,0.17497698962688446,0.1120833232998848,0.0954270139336586,0.07893474400043488,0.051386285573244095,0.019832370802760124,0.007886646315455437,0.006041000131517649,6,7,11,sentence.6
3,81,0.205269917845726,0.1880558431148529,0.1644517034292221,0.11513332277536392,0.0909973531961441,0.07407449185848236,0.052133794873952866,0.021426495164632797,0.015229103155434132,0.007354183588176966,7,8,14,sentence.6
4,81,0.2121914178133011,0.18151915073394775,0.15758061408996582,0.1303933560848236,0.08787357062101364,0.07372446358203888,0.05372144654393196,0.02027600072324276,0.010171801783144474,0.006416094023734331,7,8,14,sentence.6
5,81,0.21685989201068878,0.1950932741165161,0.14236778020858765,0.13354425132274628,0.08518034964799881,0.0652845948934555,0.052501555532217026,0.02120158076286316,0.008913936093449593,0.007407014723867178,7,8,15,sentence.6
6,81,0.23644119501113892,0.18960030376911163,0.14022649824619293,0.12157271057367325,0.08101119846105576,0.06280562281608582,0.05035559460520744,0.021830430254340172,0.008947779424488544,0.007452118210494518,7,8,16,sentence.6
7,81,0.2463916689157486,0.17099298536777496,0.13962958753108978,0.12327273935079575,0.0772581398487091,0.06080710142850876,0.052352920174598694,0.02610095590353012,0.01002798043191433,0.00804772600531578,7,9,18,sentence.6
8,81,0.2383849024772644,0.17613449692726135,0.15903154015541077,0.10548986494541168,0.07122165709733963,0.06036558747291565,0.04382673650979996,0.024638503789901733,0.01303160097450018,0.009816440753638744,7,10,19,sentence.6
9,81,0.251506507396698,0.17094238102436066,0.13551953434944153,0.12017200142145157,0.06379444152116776,0.053943563252687454,0.03900032117962837,0.024535829201340675,0.015840835869312286,0.011762494221329689,8,12,21,sentence.6
10,81,0.2552920877933502,0.20198164880275726,0.13469038903713226,0.10326739400625229,0.04941875860095024,0.04692510887980461,0.036628708243370056,0.031014541164040565,0.01753983087837696,0.012146606110036373,8,11,21,sentence.6
11,81,0.7547074556350708,0.04978588968515396,0.042326848953962326,0.03373495489358902,0.02150842547416687,0.018070349469780922,0.013991598039865494,0.008720481768250465,0.005806255619972944,0.0044915019534528255,4,5,10,sentence.6
0,81,0.2191123366355896,0.18937888741493225,0.16379483044147491,0.12155904620885849,0.10712184756994247,0.0901426449418068,0.054634708911180496,0.022408677265048027,0.00866609811782837,0.004571088124066591,6,7,8,sentence.7
1,81,0.2524561583995819,0.17963218688964844,0.1569640189409256,0.10940294712781906,0.0965413972735405,0.08136991411447525,0.04866441711783409,0.01996234990656376,0.009802178479731083,0.006508562248200178,6,7,9,sentence.7
2,81,0.21029998362064362,0.18750140070915222,0.1763859987258911,0.11124449223279953,0.09599362313747406,0.079790398478508,0.05181887000799179,0.019976051524281502,0.008525725454092026,0.006545123178511858,6,7,11,sentence.7
3,81,0.20505636930465698,0.18491514027118683,0.1648474484682083,0.11497557163238525,0.09179938584566116,0.07449223846197128,0.0520625077188015,0.02157883159816265,0.01622440479695797,0.007069667801260948,7,8,14,sentence.7
4,81,0.21349748969078064,0.18166249990463257,0.1561485379934311,0.12947236001491547,0.08751116693019867,0.07421519607305527,0.05364071577787399,0.020349640399217606,0.0108259292319417,0.006774979643523693,7,8,13,sentence.7
5,81,0.21786338090896606,0.19696538150310516,0.14169907569885254,0.13267862796783447,0.08414459973573685,0.06485958397388458,0.05247816815972328,0.021294258534908295,0.00966426357626915,0.0073716770857572556,7,8,14,sentence.7
6,81,0.23624873161315918,0.19248752295970917,0.13914060592651367,0.12252915650606155,0.08053233474493027,0.06215114891529083,0.05022218078374863,0.02194422297179699,0.008525079116225243,0.007503059692680836,7,8,16,sentence.7
7,81,0.24439458549022675,0.17332875728607178,0.13827551901340485,0.12574346363544464,0.076826311647892,0.0596529096364975,0.05420329049229622,0.026415184140205383,0.00907985121011734,0.008319753222167492,7,9,17,sentence.7
8,81,0.23202075064182281,0.179910346865654,0.16060304641723633,0.10746744275093079,0.07083829492330551,0.06134834140539169,0.04376072809100151,0.025731060653924942,0.011628287844359875,0.009752163663506508,7,10,19,sentence.7
9,81,0.2417212873697281,0.17553317546844482,0.13757963478565216,0.12171732634305954,0.06534378975629807,0.05449589341878891,0.04040413722395897,0.025958633050322533,0.01446682307869196,0.011144697666168213,8,12,21,sentence.7
10,81,0.26160433888435364,0.19723863899707794,0.13246355950832367,0.1050848588347435,0.05149237439036369,0.04669493809342384,0.0398159921169281,0.03090311586856842,0.01684863120317459,0.010056338272988796,8,11,21,sentence.7
11,81,0.7342643141746521,0.05326623097062111,0.04587405547499657,0.03736843541264534,0.024101458489894867,0.019520439207553864,0.015569978393614292,0.00997471809387207,0.005863127298653126,0.00489384401589632,4,6,10,sentence.7
0,81,0.21962425112724304,0.1900915950536728,0.1636616438627243,0.12174977362155914,0.10743167251348495,0.09052913635969162,0.05464623123407364,0.02246338687837124,0.009128855541348457,0.0037900174502283335,6,7,8,sentence.8
1,81,0.2557511329650879,0.17909099161624908,0.15748417377471924,0.1091156080365181,0.09637451171875,0.08114931732416153,0.04848373308777809,0.019885310903191566,0.01021596696227789,0.006530392449349165,6,7,9,sentence.8
2,81,0.2126978635787964,0.18798401951789856,0.17623364925384521,0.11168021708726883,0.09529439359903336,0.07900270819664001,0.05193164944648743,0.01984342932701111,0.009293325245380402,0.0070196050219237804,6,7,10,sentence.8
3,81,0.2069467455148697,0.18690820038318634,0.16441364586353302,0.1146746501326561,0.09081578254699707,0.0735858902335167,0.05234489589929581,0.02138841152191162,0.018425535410642624,0.007073356769979,7,8,13,sentence.8
4,81,0.21571476757526398,0.18119950592517853,0.15648235380649567,0.12972910702228546,0.0871429294347763,0.0738508552312851,0.05377651005983353,0.020253092050552368,0.012000354938209057,0.0072310324758291245,7,8,13,sentence.8
5,81,0.21909290552139282,0.19713331758975983,0.14229993522167206,0.1330503672361374,0.08410155028104782,0.06483418494462967,0.052734386175870895,0.02135641500353813,0.009764488786458969,0.007089131511747837,7,8,14,sentence.8
6,81,0.2346891164779663,0.1935109794139862,0.14118114113807678,0.12203917652368546,0.08042604476213455,0.06227150186896324,0.0510324165225029,0.021941084414720535,0.009513722732663155,0.007815203629434109,7,8,15,sentence.8
7,81,0.24493882060050964,0.1741541028022766,0.13907000422477722,0.124964140355587,0.07728899270296097,0.06036375090479851,0.053882427513599396,0.026773100718855858,0.01051262766122818,0.007542258594185114,7,8,17,sentence.8
8,81,0.23820801079273224,0.1797664612531662,0.1610824465751648,0.10589092969894409,0.07064751535654068,0.06065482273697853,0.044093579053878784,0.025130705907940865,0.01366482488811016,0.00822131335735321,7,10,18,sentence.8
9,81,0.24575288593769073,0.17821283638477325,0.13713884353637695,0.11950796842575073,0.06406605243682861,0.05427708849310875,0.040020037442445755,0.025562196969985962,0.016685888171195984,0.012032167986035347,8,11,21,sentence.8
10,81,0.2626243233680725,0.19942954182624817,0.1323700100183487,0.10298901051282883,0.050488971173763275,0.04672358185052872,0.03896015137434006,0.03109647147357464,0.018216554075479507,0.011517796665430069,8,11,21,sentence.8
11,81,0.7366615533828735,0.05343872681260109,0.04479756951332092,0.036784447729587555,0.023875059559941292,0.01935577765107155,0.015361720696091652,0.009860672987997532,0.006784367840737104,0.004966465290635824,4,6,10,sentence.8
0,81,0.21916213631629944,0.18927448987960815,0.16415935754776,0.1217939704656601,0.10729896277189255,0.09009014070034027,0.054386887699365616,0.02236161194741726,0.007869774475693703,0.00457519106566906,6,7,8,sentence.9
1,81,0.2585587501525879,0.1779329925775528,0.15621910989284515,0.10966717451810837,0.09603577107191086,0.07996649295091629,0.04839317128062248,0.019594235345721245,0.009137583896517754,0.006383930332958698,6,7,9,sentence.9
2,81,0.2126251608133316,0.1876382827758789,0.1753534972667694,0.11209620535373688,0.095429427921772,0.07881364971399307,0.05189480632543564,0.01979636959731579,0.008261989802122116,0.006439038552343845,6,7,11,sentence.9
3,81,0.204484760761261,0.1879727989435196,0.16421343386173248,0.11457536369562149,0.09087049216032028,0.07390155643224716,0.052569400519132614,0.021332571282982826,0.016548357903957367,0.0073178606107831,7,8,13,sentence.9
4,81,0.21195317804813385,0.1808667778968811,0.15786223113536835,0.1297413557767868,0.08750296384096146,0.07334752380847931,0.05437522009015083,0.02023785188794136,0.010968117043375969,0.0067024533636868,7,8,14,sentence.9
5,81,0.2183113396167755,0.19471096992492676,0.14165742695331573,0.13317184150218964,0.08464636653661728,0.06456704437732697,0.05299903452396393,0.021115722134709358,0.01009337604045868,0.0072753238491714,7,8,14,sentence.9
6,81,0.23668254911899567,0.18945875763893127,0.13944418728351593,0.12219557911157608,0.0811602845788002,0.0618627555668354,0.05052682012319565,0.021600816398859024,0.00865238904953003,0.008108794689178467,7,8,16,sentence.9
7,81,0.2465868890285492,0.17272600531578064,0.13817180693149567,0.12367728352546692,0.07688803970813751,0.0596347451210022,0.05304756760597229,0.02586391381919384,0.009890537708997726,0.00836978666484356,7,9,17,sentence.9
8,81,0.24049443006515503,0.17473794519901276,0.15886814892292023,0.10557635128498077,0.0709146037697792,0.05853073671460152,0.044724926352500916,0.024541469290852547,0.013051008805632591,0.009965368546545506,7,10,19,sentence.9
9,81,0.25026586651802063,0.17158904671669006,0.13364891707897186,0.11982572823762894,0.06412608921527863,0.05421065539121628,0.039749376475811005,0.02438611164689064,0.015697279945015907,0.012069687247276306,8,12,21,sentence.9
10,81,0.2527887225151062,0.19672414660453796,0.1370728611946106,0.10379922389984131,0.05032363906502724,0.04705716669559479,0.03751569241285324,0.031267911195755005,0.01722102425992489,0.012343864887952805,8,12,21,sentence.9
11,81,0.7539406418800354,0.04956493526697159,0.04215172678232193,0.03347138315439224,0.021588413044810295,0.017913179472088814,0.014065842144191265,0.00899629108607769,0.005979163106530905,0.004740511998534203,4,5,10,sentence.9
